chainId,dexId,baseToken,pairAddress,liquidity,ccxt_ticker
bsc,pancakeswap,WBNB,0x16b9a82891338f9bA80E2D6970FddA79D1eb0daE,"{""usd"":121690188.89270122,""base"":237541,""quote"":60845094}",BNB
arbitrum,uniswap,WETH,0xC31E54c7a869B9FcBEcc14363CF510d1c41fa443,"{""usd"":15980362,""base"":6858.66,""quote"":7432377}",ETH
polygon,uniswap,WMATIC,0xA374094527e1673A86dE625aa59517c5dE346d32,"{""usd"":7037957,""base"":7028722,""quote"":1579534}",MATIC
osmosis,osmosis,ATOM,1,"{""usd"":52391914,""base"":2624807,""quote"":36906903}",ATOM
    ethereum,uniswap,WETH,0x88e6A0c2dDD26FEEb64F039a2c41296FcB3f5640,"{""usd"":201035441,""base"":97037,""quote"":80075812}",ETH
fantom,spookyswap,WFTM,0x2b4C76d0dc16BE1C31D4C1DC53bF9B45987Fc75c,"{""usd"":9341673.91909,""base"":21489981,""quote"":4670837}",FTM
polygon,uniswap,WETH,0x45dDa9cb7c25131DF268515131f647d726f50608,"{""usd"":9164990,""base"":3824.5,""quote"":4393613}",ETH
bsc,biswap,WBNB,0xaCAac9311b0096E04Dfe96b6D87dec867d3883Dc,"{""usd"":30605115.946569614,""base"":59789,""quote"":15302558}",BNB
bsc,apeswap,WBNB,0x51e6D27FA57373d8d4C256231241053a70Cb1d93,"{""usd"":1467012.496885862,""base"":2863.65,""quote"":733506}",BNB
optimism,uniswap,ETH,0x85149247691df622eaF1a8Bd0CaFd40BC45154a9,"{""usd"":6052277,""base"":2562.96,""quote"":2856714}",ETH
polygon,quickswap,WMATIC,0x6e7a5FAFcec6BB1e78bAE2A1F0B612012BF14827,"{""usd"":3373374.900842,""base"":2176298,""quote"":1686687}",MATIC
bsc,pancakeswap,ETH,0x74E4716E431f45807DCF19f284c7aA99F18a4fbc,"{""usd"":45388690.11482948,""base"":18183,""quote"":88609}",ETH
wanchain,wanswap,WWAN,0x0a886Dc4d584d55E9A1FA7eB0821762296b4ec0E,"{""usd"":257261,""base"":783360,""quote"":128630}",WAN
arbitrum,sushiswap,WETH,0x905dfCD5649217c42684f23958568e533C711Aa3,"{""usd"":22442812.61182,""base"":8981.39,""quote"":11221406}",ETH
optimism,velodrome,ETH,0x79c912FEF520be002c2B6e57EC4324e260f38E50,"{""usd"":1888699.477658,""base"":756.88,""quote"":944350}",ETH
optimism,uniswap,vETH,0x36B18618c4131D8564A714fb6b4D2B1EdADc0042,"{""usd"":12657900,""base"":4407.76,""quote"":7140674}",ETH
polygon,uniswap,WBTC,0xeEF1A9507B3D505f0062f2be9453981255b503c8,"{""usd"":701812,""base"":20.96,""quote"":350243}",BTC
heco,mdex,ETH,0x53E458aD1CFEB9582736db6BdE9aF89948e3bc3d,"{""usd"":106904.90554717075,""base"":42.83,""quote"":11821}",ETH
arbitrum,kyberswap,WETH,0x26333Db71B82e2DF33d1C11158470B73E3d27072,"{""usd"":431811.81057,""base"":130.79,""quote"":215906}",ETH
avalanche,traderjoe,WAVAX,0xB5352A39C11a81FE6748993D586EC448A01f08b5,"{""usd"":2162653,""base"":167527,""quote"":232515}",AVAX
fantom,equalizer,WFTM,0x7547d05dFf1DA6B4A2eBB3f0833aFE3C62ABD9a1,"{""usd"":3656799.6068,""base"":8432697,""quote"":1828400}",FTM
optimism,uniswap,vBTC,0xC64f9436f8Ca50CDCC096105C62DaD52FAEb1f2e,"{""usd"":3100843,""base"":84.55,""quote"":1676307}",BTC
polygon,quickswap,WETH,0x479e1B71A702a595e19b6d5932CD5c863ab57ee0,"{""usd"":4110875.6477007563,""base"":699.72,""quote"":2652089}",ETH
bsc,pancakeswap,BTCB,0x61EB789d75A95CAa3fF50ed7E47b96c132fEc082,"{""usd"":49690197.76681817,""base"":1479.81,""quote"":97020}",BTC
bsc,pancakeswap,DOGE,0xac109C8025F272414fd9e2faA805a583708A017f,"{""usd"":2254067.8507755147,""base"":15928105,""quote"":4400.98}",DOGE
ethereum,uniswap,IOTX,0x489cEbE6Cd5DC5dcB7047A1F0D4F358a5d2fB295,"{""usd"":587521,""base"":13254435,""quote"":213.9}",IOTX
ethereum,sushiswap,IQ,0x9D45081706102E7aadDD0973268457527722E274,"{""usd"":486296,""base"":56042005,""quote"":194.2}",IQ
ethereum,uniswap,RSR,0xA3a9a863Ed908aa95cB17e1781Aa97E6693bF604,"{""usd"":100873,""base"":28214143,""quote"":11.74}",RSR
ethereum,uniswap,BAT,0xB6909B960DbbE7392D405429eB2b3649752b4838,"{""usd"":100034,""base"":288348,""quote"":40.03}",BAT
ethereum,uniswap,sETH2,0xDADcF64BAbfb566785f1e9DFC4889C5e593DDdC7,"{""usd"":90848,""base"":56.25,""quote"":16.92}",ETH
ethereum,sushiswap,OCEAN,0xeE35E548C7457FcDd51aE95eD09108be660Ea374,"{""usd"":147479,""base"":398289,""quote"":59.02}",OCEAN
fantom,wigoswap,BTC,0xE3e5F47399864Ca63cDFBb22A207AFc398EFD660,"{""usd"":72210.5481071615,""base"":2.15,""quote"":28.91}",BTC
ethereum,0x5F1dddbf348aC2fbe22a163e30F99F9ECE3DD50a,wstETH,0xeBfE63Ba0264aD639B3C41d2bfE1aD708F683bc8,"{""usd"":14884993,""base"":7361,""quote"":3884}",ETH
polygon,quickswap,WBTC,0x4183DB4a5A1A3612B17459BA4e072aa59F302E89,"{""usd"":191362.48701789218,""base"":7.37,""quote"":95681}",BTC
bsc,0x71539D09D3890195dDa87A6198B98B75211b72F3,WBNB,0xdC8a61ED63671fD7FeFB392bA4b35935fB27cd77,"{""usd"":316883.0944437139,""base"":618.86,""quote"":158466}",BNB
bsc,pancakeswap,WAVAX,0x8DD90a00D915425C3C5fdA4FA6F705881226a6E8,"{""usd"":799281.5151097367,""base"":34705,""quote"":399641}",AVAX
polygon,quickswap,miMATIC,0x5B1fD9Fa139353C5D9eaf459E4BD2f7A6B4812Bb,"{""usd"":1132591.533196,""base"":572982,""quote"":566296}",MATIC
aptos,aux,WETH,aux-0xcc8a89c8dce9693d354449f1f73e60e14e347417854f029db5bc8e7454008abb-coin-t-0x5e156f1207d0ebfa19a9eeff00d62a282278fb8719f4fab3a586a0a2c0fffbea-coin-t,"{""usd"":4467255,""base"":1789,""quote"":2233628}",ETH
bsc,biswap,MATIC,0x3B09e13Ca9189FBD6a196cfE5FbD477C885afBf3,"{""usd"":1335221.3544413468,""base"":860149,""quote"":2607.13}",MATIC
bsc,nomiswap,SOL,0x5C551CA8F00E09888F0FD57C7f91CB420ad29999,"{""usd"":79806.39491285085,""base"":3039.17,""quote"":39903}",SOL
avalanchedfk,defikingdoms,BTC.b,0x00BD81c9bAc29a3b6aea7ABc92d2C9a3366Bb4dD,"{""usd"":261478,""base"":7.775,""quote"":1496239}",BTC
bsc,apeswap,LTC,0x0F12362c017Fe5101c7bBa09390f1CB729f5B318,"{""usd"":194172.78725788736,""base"":1326.73,""quote"":378.98}",LTC
astar,arthswap,WETH,0x87988EbDE7E661F44eB3a586C5E0cEAB533a2d9C,"{""usd"":1065452,""base"":430.1,""quote"":13518145}",ETH
bsc,babyswap,SOL,0xAe08C9D357731FD8d25681dE753551BE14C00405,"{""usd"":190786.86673015272,""base"":7275.61,""quote"":95393}",SOL
bsc,apeswap,MATIC,0x29A4A3D77c010CE100A45831BF7e798f0f0B325D,"{""usd"":272376.8408561702,""base"":175169,""quote"":531.57}",MATIC
fantom,beethovenx,MATIC,0xf941ea85b73fd24a615e9ee17eb42946981ed4ee0001000000000000000005e9-0x40DF1Ae6074C35047BFF66675488Aa2f9f6384F3-0xD67de0e0a0Fd7b15dC8348Bb9BE742F3c5850454,"{""usd"":59904,""base"":38135,""quote"":116.6}",MATIC
oec,cherryswap,BTCK,0xC606A9c809E56276056F9aa79fD2cEc633b69Cbd,"{""usd"":143982.34212280126,""base"":4.29,""quote"":57.8}",BTC
ethereum,balancer,MATIC,0xa02e4b3d18d4e6b8d18ac421fbc3dfff8933c40a00020000000000000000004b-0x7D1AfA7B718fb893dB30A3aBc0Cfc608AaCfeBB0-0xC02aaA39b223FE8D0A0e5C4F27eAD9083C756Cc2,"{""usd"":65284,""base"":41946,""quote"":26.14}",MATIC
ethereum,balancer,CRV,0x769432a08426d25f8f99a1af16db23ce41cad784000100000000000000000304-0xC02aaA39b223FE8D0A0e5C4F27eAD9083C756Cc2-0xD533a949740bb3306d119CC777fa900bA034cd52,"{""usd"":104569,""base"":97741,""quote"":41.97}",CRV
ethereum,balancer,MKR,0xaac98ee71d4f8a156b6abaa6844cdb7789d086ce00020000000000000000001b-0x9f8F72aA9304c8B593d555F12eF6589cC3A579A2-0xC02aaA39b223FE8D0A0e5C4F27eAD9083C756Cc2,"{""usd"":302877,""base"":348,""quote"":97.13}",MKR
ethereum,uniswap,EURT,0x07f3D316630719F4Fc69c152F397c150f0831071,"{""usd"":90772,""base"":34109,""quote"":54791}",EUR
bsc,0x738B815eaDD06E0041b52B0C9d4F0d0D277B24bA,BTCB,0x37924e3D522f936422587c7a03EB7773583258cd,"{""usd"":140940.81312285396,""base"":4.16,""quote"":63687}",BTC
ethereum,uniswap,RLC,0x56Ea002B411FD5887E55329852D5777EcB170713,"{""usd"":510228,""base"":445265,""quote"":0.6011}",RLC
ethereum,defiswap,COMP,0x59F7a66a2fBCaf203ceE71359B51142238f85B78,"{""usd"":55462,""base"":840,""quote"":22.16}",COMP
ethereum,uniswap,BLZ,0x5fa9569B0Ed6Aa01e234468e6A15B77988b950dF,"{""usd"":319733,""base"":3037580,""quote"":159866}",BLZ
ethereum,defiswap,WETH,0x60A26d69263eF43e9a68964bA141263F19D71D51,"{""usd"":114831,""base"":45.88,""quote"":57416}",ETH
ethereum,uniswap,ankrETH,0x6147805e1011417B93e5D693424a62A70d09d0E5,"{""usd"":124489,""base"":48.13,""quote"":49.8}",ETH
ethereum,0xBAe5dc9B19004883d0377419FeF3c2C8832d7d7B,WETH,0x6B0cc136F7BABd971B5dECd21690BE65718990E2,"{""usd"":95992,""base"":38.37,""quote"":47996}",ETH
ethereum,0x0388C1E0f210AbAe597B7DE712B9510C6C36C857,TOMOE,0x7885e359a085372EbCF1ed6829402f149D02c600,"{""usd"":136882,""base"":253036,""quote"":54.8}",TOMO
arbitrum,balancer,WETH,0x64541216bafffeec8ea535bb71fbc927831d0595000100000000000000000002-0x82aF49447D8a07e3bd95BD0d56f35241523fBab1-0xFF970A61A04b1cA14834A43f5dE4533eBDDB5CC8,"{""usd"":1818398,""base"":728.1,""quote"":909199}",ETH
polygon,kyberswap,stMATIC,0xa40CAc1B04D7491BDFb42ccAC97dff25e0EFB09e,"{""usd"":520778.59501,""base"":564389,""quote"":260389}",MATIC
bsc,mdex,WBNB,0x09CB618bf5eF305FadfD2C8fc0C26EeCf8c6D5fd,"{""usd"":8888769.964323493,""base"":17352,""quote"":4444385}",BNB
bsc,pancakeswap,XRP,0x03F18135c44C64ebFdCBad8297fe5bDafdBbdd86,"{""usd"":6772369.336072084,""base"":10126293,""quote"":13223}",XRP
arbitrum,uniswap,WBTC,0x2f5e87C9312fa29aed5c179E456625D79015299c,"{""usd"":2004095,""base"":78.99,""quote"":543.7}",BTC
bsc,nomiswap,WBNB,0xe2Bbf54Dc0ccDD0Cf6270f2aF2f62FF79903Bb27,"{""usd"":1600203.7045841264,""base"":3127.02,""quote"":800102}",BNB
aptos,aux,SOL,aux-0xdd89c0e695df0692205912fb69fc290418bed0dbe6e4573d744a6d5e6bab6c13-coin-t-0x5e156f1207d0ebfa19a9eeff00d62a282278fb8719f4fab3a586a0a2c0fffbea-coin-t,"{""usd"":1446248,""base"":55071,""quote"":723124}",SOL
polygon,uniswap,LINK,0x3e31AB7f37c048FC6574189135D108df80F0ea26,"{""usd"":541129,""base"":81380,""quote"":69.47}",LINK
polygon,kyberswap,WMATIC,0x50FEEdF7fB2F511112287091819F21eb0F3Ce498,"{""usd"":114242.281172,""base"":346809,""quote"":57121}",MATIC
fantom,spookyswap,MATIC,0x7051C6F0C1F1437498505521a3bD949654923fE1,"{""usd"":274132.8052586336,""base"":175510,""quote"":630648}",MATIC
gnosischain,swapr,WETH,0x1865d5445010E0baf8Be2eB410d3Eae4A68683c2,"{""usd"":2623850,""base"":1052,""quote"":1314651}",ETH
polygon,uniswap,SAND,0xDe92E7fBe021344BA02D9225792d219d3A2dDd58,"{""usd"":85328,""base"":142129,""quote"":34080}",SAND
bsc,pancakeswap,ADA,0xBA51D1AB95756ca4eaB8737eCD450cd8F05384cF,"{""usd"":593487.7204736511,""base"":1093536,""quote"":1159.06}",ADA
bsc,0x3265CdE5843e02E35c45C4b9352d3C1c4a542Ff4,WBNB,0xe2266166B8d1b0961A908E1276e7FeA9e7D64b56,"{""usd"":66630.94581997277,""base"":130.01,""quote"":33315}",BNB
optimism,uniswap,vFTM,0xAeC0Bf409BB28eFe308108D400034650C4d9eC75,"{""usd"":390779,""base"":897311,""quote"":196219}",FTM
avalanche,traderjoe,BTC.b,0x2fD81391E30805Cc7F2Ec827013ce86dc591B806,"{""usd"":1647602,""base"":49.09,""quote"":71478}",BTC
osmosis,osmosis,stATOM,803,"{""usd"":7883634,""base"":378565,""quote"":394677}",ATOM
ethereum,uniswap,TRX,0x7c8699ECb6d16010F91372f6F3103Fe5aac78810,"{""usd"":439157,""base"":4279759,""quote"":175.3}",TRX
ethereum,uniswap,NMR,0xB784CED6994c928170B417BBd052A096c6fB17E2,"{""usd"":88779,""base"":3496,""quote"":35.45}",NMR
ethereum,uniswap,RENA,0xbC2C5392b0B841832bEC8b9C30747BADdA7b70ca,"{""usd"":553776,""base"":4225188,""quote"":221.1}",REN
bsc,safemoonswap,WBNB,0x8ebac098F23bd1951715Ecba4F21f06cFa61D9f9,"{""usd"":50583.43300111011,""base"":98.44,""quote"":25292}",BNB
bsc,apeswap,ETH,0x154c7293b0a705aA5723e698514514CBB5a19238,"{""usd"":64882.881273720435,""base"":25.51,""quote"":1027627}",ETH
bsc,pancakeswap,WMATIC,0xfE76f3B2161103A59B92a0f9Ffdae7CadC2a6d8C,"{""usd"":1418337.4952956182,""base"":912635,""quote"":709169}",MATIC
fantom,spiritswap,WFTM,0x51Eb93ECfEFFbB2f6fE6106c4491B5a0B944E8bd,"{""usd"":153656.928633096,""base"":352547,""quote"":76828}",FTM
optimism,kyberswap,wstETH,0x5fC53f707C7aAcD460A1cD564C06e0F07610fCb7,"{""usd"":540358.679008,""base"":163.44,""quote"":270179}",ETH
bsc,swych,WBNB,0x180847F66b604cFeDec47C7105762bE0C0123d66,"{""usd"":894785.463649938,""base"":1748.27,""quote"":447393}",BNB
bsc,pancakeswap,CHR,0x6045931E511EF7e53A4A817F971e0CA28c758809,"{""usd"":1108503.081220409,""base"":5010950,""quote"":554252}",CHR
optimism,uniswap,vDOGE,0x7a5D3DA4658e9315E7d385b8A25D92Cece6e6fab,"{""usd"":274773,""base"":2296466,""quote"":111512}",DOGE
moonriver,solarbeam,ETH,0x0d171b55fC8d3BDDF17E376FdB2d90485f900888,"{""usd"":584613,""base"":234.1,""quote"":46925}",ETH
bsc,bakeryswap,WBNB,0x559e3D9611E9cB8a77c11335Bdac49621382188B,"{""usd"":127056.18126622087,""base"":248.16,""quote"":63528}",BNB
fantom,wigoswap,WFTM,0x280F2F0cC01B2fd1b10d830b5deAf2343a78D3D5,"{""usd"":91939.74030737035,""base"":212304,""quote"":45970}",FTM
polygon,0x54F454D747e037Da288dB568D4121117EAb34e79,WMATIC,0xA964b92C690f0B8efad5B46a278A84bD0EF8AC01,"{""usd"":866434.9575369622,""base"":556886,""quote"":433217}",MATIC
klaytn,defikingdoms,oWBTC,0x7828926761e7a6E1f9532914A282bf6631EA3C81,"{""usd"":861416,""base"":25.6,""quote"":2206967}",BTC
ethereum,uniswap,UNI,0xd3d2E2692501A5c9Ca623199D38826e513033a17,"{""usd"":9137218,""base"":859501,""quote"":3658}",UNI
bsc,0xC2D8d27F3196D9989aBf366230a47384010440c0,ETH,0x4eB3A271A42Bfa2d47fFD5947f503067ed6093cF,"{""usd"":116056.42901118346,""base"":45.64,""quote"":47.26}",ETH
bsc,0x2c34577F8c582Ec919DCe9f5E94Cf1e83A814A1a,WBNB,0x59344dCB5c1478865fc9CC16F7195C0FD876DcDC,"{""usd"":102895.89140828473,""base"":197.15,""quote"":51448}",BNB
bsc,pancakeswap,DREP,0x6897f79c32bcDa6FFde84e5b0C96665224C14Dc4,"{""usd"":103757.01645329065,""base"":166688,""quote"":51879}",DREP
bsc,pancakeswap,LINK,0x824eb9faDFb377394430d2744fa7C42916DE3eCe,"{""usd"":8137085.94433468,""base"":725585,""quote"":15883}",LINK
ethereum,uniswap,LINK,0xa6Cc3C2531FdaA6Ae1A3CA84c2855806728693e8,"{""usd"":18560729,""base"":2360675,""quote"":4256}",LINK
arbitrum,sushiswap,SUSHI,0x3221022e37029923aCe4235D812273C5A42C322d,"{""usd"":234544.161391368,""base"":119786,""quote"":93.86}",SUSHI
bsc,sushiswap,WBNB,0x2905817b020fD35D9d09672946362b62766f0d69,"{""usd"":52828.72476871162,""base"":103.07,""quote"":26414}",BNB
bsc,nomiswap,DOGE,0xDCbc1D9D48016b8d5F3B0F9045Eb3B72F38E6B93,"{""usd"":730778.1340671115,""base"":5147909,""quote"":365389}",DOGE
fantom,morpheusswap,WFTM,0xD095675C684452825e61804dA7d6CEccB613AFe8,"{""usd"":62471.63249,""base"":144209,""quote"":31236}",FTM
fantom,spookyswap,CRV,0xB471Ac6eF617e952b84C6a9fF5de65A9da96C93B,"{""usd"":596381.9009342251,""base"":560064,""quote"":1373636}",CRV
avalanche,traderjoe,WETH.e,0x5851E2d6396bcc26FB9eEE21effbF99e0d2B2148,"{""usd"":217559,""base"":112.2,""quote"":77669}",ETH
avalanche,pangolin,WETH.e,0x7c05d54fc5CB6e4Ad87c6f5db3b807C94bB89c52,"{""usd"":1490161,""base"":597,""quote"":64566}",ETH
fantom,sushiswap,ETH,0x3d0BD54c48C2C433ea6fed609Cc3d5Fb7A77622B,"{""usd"":225747.11767606455,""base"":90.4,""quote"":521148}",ETH
ethereum,shibaswap,WETH,0x703b120F15Ab77B986a24c6f9262364d02f9432f,"{""usd"":490892,""base"":196.4,""quote"":245446}",ETH
avalanche,pangolin,WAVAX,0xe28984e1EE8D431346D32BeC9Ec800Efb643eef4,"{""usd"":1727811,""base"":74895,""quote"":863906}",AVAX
cronos,mmfinance,WETH,0x019d9479606FBDd4aCB16488e0aAE49E4684322b,"{""usd"":326073,""base"":130.7,""quote"":2778754}",ETH
cronos,vvsfinance,WETH,0xfd0Cd0C651569D1e2e3c768AC0FFDAB3C8F4844f,"{""usd"":60582,""base"":24.2,""quote"":30291}",ETH
metis,hermesprotocol,WETH,0xEfFEC28996aAff6D55B6D108a46446d45C3a2E71,"{""usd"":527795,""base"":212,""quote"":263898}",ETH
ethereum,uniswap,PAXG,0x9C4Fe5FFD9A9fC5678cFBd93Aa2D4FD684b67C4C,"{""usd"":7223349,""base"":1959,""quote"":2891}",PAXG
bsc,biswap,FTM,0x7bfCd2bda87fd2312A946BD9b68f5Acc6E21595a,"{""usd"":390631.7218667436,""base"":901575,""quote"":762.86}",FTM
polygon,balancer,WETH,0x0297e37f1873d2dab4487aa67cd56b58e2f27875000100000000000000000002-0x0d500B1d8E8eF31E21C99d1Db9A6444d3ADf1270-0x7ceB23fD6bC0adD59E62ac25578270cFf1b9f619,"{""usd"":1242752,""base"":497.9,""quote"":800515}",ETH
godwoken,yokaiswap,ETH,0xBCBc8F5261397A34C83264F81E3df790bEBD8eeB,"{""usd"":140899,""base"":57.5,""quote"":27712004}",ETH
wanchain,wanswap,wanXRP,0x2A272a37C999A36Dc10100f8A4B7C3937C174A0D,"{""usd"":453082,""base"":675063,""quote"":1374354}",XRP
ethereum,uniswap,SOL,0x127452F3f9cDc0389b0Bf59ce6131aA3Bd763598,"{""usd"":457351,""base"":29529,""quote"":58.8}",SOL
bsc,babydogeswap,WBNB,0x2C3d4c9966A466ed6BC434aFba8EA3C96EE35c86,"{""usd"":2776607.5378611693,""base"":5416.65,""quote"":1388304}",BNB
fantom,tombswap,WFTM,0x8C853ce1561A2c2cD2E857670e3cCd04BA4cB27b,"{""usd"":1260192.386848,""base"":2910014,""quote"":630096}",FTM
fantom,spookyswap,SUSHI,0xf84E313B36E86315af7a06ff26C8b20e9EB443C3,"{""usd"":339291.9022083479,""base"":173185,""quote"":781398}",SUSHI
polygon,0xc2544A32872A91F4A553b404C6950e89De901fdb,IQ,0x1B238BDB3ae538Fc8201aA1475bFFc216e3B374f,"{""usd"":227084.9701908327,""base"":26154937,""quote"":113542}",IQ
polygon,dfyn,WBTC,0xC0ab47B79bC66F98e5C9eE5FF386a7150D3F4174,"{""usd"":64216.271202,""base"":1.91,""quote"":32108}",BTC
polygon,balancer,WBTC,0x03cd191f589d12b0582a99808cf19851e468e6b500010000000000000000000a-0x1BFD67037B42Cf73acF2047067bd4F2C47D9BfD6-0x2791Bca1f2de4661ED88A30C99A7a9449Aa84174,"{""usd"":769290,""base"":22.88,""quote"":384538}",BTC
arbitrum,0x8374A74A728f06bEa6B7259C68AA7BBB732bfeaD,WETH,0x0BB5A573886bbcecf18590b6Cb59E980FAC7d278,"{""usd"":1016641.5213289598,""base"":406.21,""quote"":508321}",ETH
arbitrum,sushiswap,lqETH,0xB6a0ad0f714352830467725e619ea23E2C488f37,"{""usd"":635887.7332621957,""base"":256.41,""quote"":254.41}",ETH
polygon,quickswap,BUSD,0x7A602815908E1615393148a7880A7Fc9e57949aE,"{""usd"":2004085.997764,""base"":1004114,""quote"":1002043}",BUSD
polygon,0xBE087BeD88539d28664c9998FE3f180ea7b9749C,pBTC,0xDb0194372AceCAcD58F43D59b8a07B68Ff2Fe5e2,"{""usd"":59558.451588,""base"":1.78,""quote"":29779}",BTC
bitgert,icecreamswap,BNBi,0xd37e73B7337B89Ccc52A182Ad9130405dEA731B1,"{""usd"":149677,""base"":287.4,""quote"":255587230869}",BNB
polygon,dfyn,WMATIC,0x4f5dF10B9991482bCD2DB19DAE1FD0e0184397c2,"{""usd"":255081.371596,""base"":164158,""quote"":127541}",MATIC
bsc,biswap,LINK,0x16Fe21c91c426E603977b1C6EcD59Fc510a518C2,"{""usd"":1972873.834127104,""base"":176076,""quote"":3854.77}",LINK
bsc,biswap,ATOM,0x5a36E9659F94F27e4526DDf6Dd8f0c3B3386D7F3,"{""usd"":396702.28854677326,""base"":19884,""quote"":775.32}",ATOM
bsc,mdex,UNI,0x72F1d53B2E4bDE565fE54AF13697857e71193dDf,"{""usd"":1126750.6823921744,""base"":105964,""quote"":563375}",UNI
polygon,uniswap,agEUR,0x3Fa147D6309abeb5C1316f7d8a7d8bD023e0cd80,"{""usd"":618433,""base"":391127,""quote"":206954}",EUR
polygon,balancer,BAL,0x0297e37f1873d2dab4487aa67cd56b58e2f27875000100000000000000000002-0x2791Bca1f2de4661ED88A30C99A7a9449Aa84174-0x9a71012B13CA4d3D0Cdc72A177DF3ef03b0E76A3,"{""usd"":1240798,""base"":117522,""quote"":620401}",BAL
velas,wagyuswap,ETH,0x7c3F1eA99770aa23Fe1b19097c93BB0cF34C8351,"{""usd"":193732,""base"":78.29,""quote"":4611152}",ETH
celo,sushiswap,WETH,0x93887e0fA9F6C375b2765a6fE885593F16f077f9,"{""usd"":97627.94211684809,""base"":39.17,""quote"":48814}",ETH
bsc,biswap,DOGE,0x1eF315fa08e0E1B116D97E3dFE0aF292Ed8b7f02,"{""usd"":836117.1418276847,""base"":5911798,""quote"":1633.43}",DOGE
optimism,velodrome,rETH,0x69F795e2d9249021798645d784229e5bec2a5a25,"{""usd"":1598784.8890268106,""base"":334.93,""quote"":637.07}",ETH
fantom,beethovenx,LINK,0xdf02adb3cd587da89af29e58de70b840e49490250001000000000000000005b8-0x21be370D5312f44cB42ce377BC9b8a0cEF1A4C83-0xb3654dc3D10Ea7645f8319668E8F54d2574FBdC8,"{""usd"":64656,""base"":5543,""quote"":141797}",LINK
fantom,beethovenx,BTC,0xdf02adb3cd587da89af29e58de70b840e49490250001000000000000000005b8-0x321162Cd933E2Be498Cd2267a90534A804051b11-0x74b23882a30290451A17c44f4F05243b6b58C76d,"{""usd"":152303,""base"":4.735,""quote"":56.97}",BTC
optimism,beethovenx,WETH,0x39965c9dab5448482cf7e002f583c812ceb53046000100000000000000000003-0x4200000000000000000000000000000000000006-0x7F5c764cBc14f9669B88837ca1490cCa17c31607,"{""usd"":51759,""base"":27.71,""quote"":17262}",ETH
avalanche,kyberswap,KNC,0x6Fd1e887499950032D9Ec503287eAc3402be3819,"{""usd"":81966,""base"":123297,""quote"":3914}",KNC
fantom,beethovenx,SOL,0x65411827ef78f08f6559acf91de3a4f5a26d785c0001000000000000000004c6-0x44F7237df00E386af8e79B817D05ED9f6FE0f296-0x511D35c52a3C244E7b8bd92c0C297755FbD89212,"{""usd"":86154,""base"":3271,""quote"":3741}",SOL
fantom,beethovenx,CRV,0xdf02adb3cd587da89af29e58de70b840e49490250001000000000000000005b8-0x1E4F97b9f9F913c46F1632781732927B9019C68b-0x74b23882a30290451A17c44f4F05243b6b58C76d,"{""usd"":102436,""base"":59056,""quote"":56.71}",CRV
aurora,polaris,WBTC,0xb3a04902b78fbe61185b766866193630db4db8a300020000000000000000000d-0xB12BFcA5A55806AaF64E99521918A4bf0fC40802-0xF4eB217Ba2454613b15dBdea6e5f22276410e89e,"{""usd"":114016,""base"":3.411,""quote"":57008}",BTC
moonriver,huckleberry,BTC.m,0x3fAF6e9Bf107199dB347B146F80A68CBD0B598B2,"{""usd"":73774,""base"":2.171,""quote"":5827}",BTC
smartbch,benswap,bbBUSD,0xf9efb594f6D7644961A6126895242c0CE3341F10,"{""usd"":50671.16161166008,""base"":24956,""quote"":249.61}",BUSD
boba,oolongswap,AVAX,0x0e971c131BBb7347016fB24FC4B3F93f894f3E61,"{""usd"":86684,""base"":3688,""quote"":34.06}",AVAX
elastos,glidefinance,bnbBUSD,0x9ad2439CaE9440427f3dFF53A11A57A5a7211152,"{""usd"":130871.157082,""base"":64597,""quote"":65436}",BUSD
elastos,glidefinance,ETH,0xa86883c2405f4557D2242Df47b220C54d0D611e4,"{""usd"":84157.14512162741,""base"":33.8,""quote"":51152}",ETH
ethereum,uniswap,BUSD,0x5E35C4Eba72470Ee1177dcB14dDdf4d9e6D915f4,"{""usd"":5570492,""base"":1890193,""quote"":3680346}",BUSD
bsc,apeswap,ADA,0x40d4543887E4170A1A40Cd8dB15A6b297c812Cb1,"{""usd"":255292.47002010248,""base"":470576,""quote"":498.59}",ADA
polygon,apeswap,BNB,0x0359001070cF696D5993E0697335157a6f7dB289,"{""usd"":396412.1433696997,""base"":774.82,""quote"":255531}",BNB
iotex,mimo,WIOTX,0xe82b7054471D3f5cc825C50350Da3bCa64f7Be4E,"{""usd"":507729,""base"":11634095,""quote"":253865}",IOTX
ethereum,balancer,WBTC,0x344818b9b4cfec947fe8ccbea65b3605585c2c71000100000000000000000404-0x2260FAC5E5542a773Aa44fBCfeDf7C193bc2C599-0xc00e94Cb662C3520282E6f5717214004A7f26888,"{""usd"":342651,""base"":13.42,""quote"":3379}",BTC
ethereum,balancer,BAL,0x3ebf48cd7586d7a4521ce59e53d9a907ebf1480f000200000000000000000028-0xba100000625a3754423978a60c9317c58a424e3D-0xC02aaA39b223FE8D0A0e5C4F27eAD9083C756Cc2,"{""usd"":114977,""base"":10747,""quote"":45.5}",BAL
ethereum,balancer,COMP,0xefaa1604e82e1b3af8430b90192c1b9e8197e377000200000000000000000021-0xc00e94Cb662C3520282E6f5717214004A7f26888-0xC02aaA39b223FE8D0A0e5C4F27eAD9083C756Cc2,"{""usd"":497296,""base"":7356,""quote"":195.9}",COMP
ethereum,balancer,FTM,0x769432a08426d25f8f99a1af16db23ce41cad784000100000000000000000304-0x4E15361FD6b4BB609Fa63C81A2be19d873717870-0xC02aaA39b223FE8D0A0e5C4F27eAD9083C756Cc2,"{""usd"":106588,""base"":237532,""quote"":42.32}",FTM
ethereum,uniswap,alETH,0x0d1ABD96bD5cEDa47Dc06C13Dead36eac3DCA2d2,"{""usd"":191075,""base"":82.83,""quote"":97753}",ETH
ethereum,sushiswap,renBTC,0x519854dD32B4f34F9a407874b0b69218465972D6,"{""usd"":56591,""base"":1.457,""quote"":62950}",BTC
ethereum,uniswap,stETH,0x63818BbDd21E69bE108A23aC1E84cBf66399Bd7D,"{""usd"":1116404,""base"":99.53,""quote"":780.5}",ETH
ethereum,0x5FA0060FcfEa35B31F7A5f6025F0fF399b98Edf1,WETH,0x6855859BeA41A682707c4Aa98424A734515da111,"{""usd"":64259,""base"":25.49,""quote"":32130}",ETH
ethereum,sushiswap,IOTX,0x868d966d6D3d94b115e8B003C443c7A7B04A3359,"{""usd"":67032,""base"":1394193,""quote"":33516}",IOTX
ethereum,uniswap,agEUR,0x8ce5796ef6B0c5918025bCf4f9CA908201B030b3,"{""usd"":222540,""base"":165199,""quote"":47612}",EUR
ethereum,uniswap,pBTC,0x8d50d0Fd88016Ea63229e432803DB4069c40DB09,"{""usd"":186447,""base"":5.353,""quote"":73.65}",BTC
ethereum,shibaswap,UNI,0x9d406c4067A53f65DE1A8A9273D55bfEA5870a75,"{""usd"":50534,""base"":4557,""quote"":19.91}",UNI
ethereum,uniswap,cbETH,0xA4aDE2ECaDe946083678F9339Ccd33342b2B26A6,"{""usd"":66328,""base"":6.985,""quote"":41.63}",ETH
ethereum,uniswap,oBTC,0xAAC4F2193011aA80c4549e92FeB68aAf647E82CC,"{""usd"":50464,""base"":1.824,""quote"":15.43}",BTC
ethereum,sushiswap,DIA,0xC965BC2cf23D54ccF41a7d3aF10572580E9B8078,"{""usd"":62659,""base"":105238,""quote"":31330}",DIA
ethereum,uniswap,WBTC,0xCBFB0745b8489973Bf7b334d54fdBd573Df7eF3c,"{""usd"":708068,""base"":27.54,""quote"":244361}",BTC
ethereum,uniswap,renZEC,0xE6C804FF4eC692E6808C0d032CdbC03772FC4D42,"{""usd"":461894,""base"":4818,""quote"":182.3}",ZEC
polygon,uniswap,UNI,0x7f9121B4f4E040fd066e9Dc5C250Cf9B4338D5BC,"{""usd"":136994,""base"":14644,""quote"":76498}",UNI
fantom,spookyswap,YFI,0x0845c0bFe75691B1e21b24351aAc581a7FB6b7Df,"{""usd"":279232.2328581501,""base"":26.01,""quote"":111.68}",YFI
fantom,spookyswap,sFTMX,0xE67980fc955FECfDA8A92BbbFBCc9f0C4bE60A9A,"{""usd"":738886.5478501117,""base"":1608450,""quote"":1710794}",FTM
fantom,protofi,ETH,0x2592F9A13F1B7C6Ff5E4E53bDa139807ec52a981,"{""usd"":241112.818054,""base"":96.54,""quote"":120556}",ETH
celo,sushiswap,cEUR,0x0b655E7D966CB27998af94AA5719ab7BFe07D3b3,"{""usd"":488325.02192481223,""base"":232228,""quote"":244163}",EUR
bsc,babyswap,FTM,0xc85471a1bC8ae143b29fcDe6539507FBED075b15,"{""usd"":247466.21512674636,""base"":571234,""quote"":123733}",FTM
ethereum,0x5FA0060FcfEa35B31F7A5f6025F0fF399b98Edf1,HOT,0xa238a470c9121b9A5a6107D7af87eB6Bffbe72fe,"{""usd"":140026,""base"":48175731,""quote"":70013}",HOT
ethereum,balancer,SNX,0x6df50e37a6aefb9024a7284ef1c9e1e8e7c4f7b80001000000000000000002e7-0xC011a73ee8576Fb46F5E1c5751cA3B9Fe0af2a6F-0xC02aaA39b223FE8D0A0e5C4F27eAD9083C756Cc2,"{""usd"":284259,""base"":91978,""quote"":114}",SNX
ethereum,uniswap,ZRX,0xfA97AA5002124fe7eDd36584628300E8D81dF042,"{""usd"":405387,""base"":1376011,""quote"":53486809}",ZRX
ethereum,uniswap,ETHMAXY,0xfECeCEbf44D38858A0C478C2c4afA2601F5352Fb,"{""usd"":94281,""base"":54.6,""quote"":19.02}",ETH
bsc,0xFF6ad8728C0aa5215FeFae3459D46B90a37b9546,ETH,0x0677FB47b0AB26E3d4FB8805dAd986171640D0a2,"{""usd"":75010.93868417908,""base"":29.58,""quote"":2864624}",ETH
ethereum,uniswap,LRC,0xe1d92f1De49CAEC73514f696FEa2a7d5441498E5,"{""usd"":300925,""base"":737332,""quote"":123.3}",LRC
optimism,uniswap,vMATIC,0x6f59c163AD6cC896145aF7D5922d1eAE174A1BCc,"{""usd"":653828,""base"":563389,""quote"":217440}",MATIC
avalanche,swapsicle,WAVAX,0x7e028006ec8632bf009fa4BdD8F1E5a50124EFec,"{""usd"":51089,""base"":2215,""quote"":25545}",AVAX
ethereum,unknown,WETH,0xcD452c162dA7761f08F656B8e5eDe3A385981378,"{""usd"":1985004,""base"":792.6,""quote"":992502}",ETH
ethereum,uniswap,rETH,0xa4e0faA58465A2D369aa21B3e42d43374c6F9613,"{""usd"":1753072,""base"":1064,""quote"":275.7}",ETH
bsc,pancakeswap,AVAX,0x151268db1579ebC5306D4aAa5DCC627646E6986F,"{""usd"":107821.72202071463,""base"":4657.35,""quote"":210.46}",AVAX
polygon,balancer,SOL,0x7c9cf12d783821d5c63d8e9427af5c44bad92445000100000000000000000051-0x7ceB23fD6bC0adD59E62ac25578270cFf1b9f619-0x7DfF46370e9eA5f0Bad3C4E29711aD50062EA7A4,"{""usd"":64484,""base"":2457,""quote"":25.89}",SOL
cronos,vvsfinance,DOGE,0x2A560f2312CB56327AD5D65a03F1bfEC10b62075,"{""usd"":189754,""base"":1342582,""quote"":1617058}",DOGE
aptos,liquidswap,WETH,liquidswap-1490,"{""usd"":1038193,""base"":415.5,""quote"":519097}",ETH
bsc,pancakeswap,WIN,0x6a445cEB72c8B1751755386c3990055ff92e14A0,"{""usd"":1031790.9291940796,""base"":7125671698,""quote"":516697}",WIN
bsc,nomiswap,MATIC,0x996B28Dda11381466C9e410D0b63a313a0f31c6B,"{""usd"":115534.58257687971,""base"":74376,""quote"":57767}",MATIC
bsc,mdex,LTC,0xBcD49db9AA7D3e6C7F06AcffABdc4E42b402bF82,"{""usd"":157071.08728214088,""base"":1073.32,""quote"":78536}",LTC
moonbeam,beamswap,xcDOT,0xd8FbdeF502770832E90a6352b275f20F38269b74,"{""usd"":62506,""base"":6800,""quote"":98414}",DOT
ethereum,uniswap,renBTC,0x3cB75142Bdae2bEf3Eb119AffB288aeb0599dC4f,"{""usd"":226153,""base"":4.771,""quote"":106.8}",BTC
ethereum,sushiswap,BAND,0xA75F7c2F025f470355515482BdE9EFA8153536A8,"{""usd"":578651,""base"":203087,""quote"":230.9}",BAND
ethereum,uniswap,COMP,0xea4Ba4CE14fdd287f380b55419B1C5b6c3f22ab6,"{""usd"":94466,""base"":2144,""quote"":19.38}",COMP
bsc,planetfinance,ETH,0x1820E39d1bE8Bf90fe45B097503613E557F5DFDF,"{""usd"":251317.00262657256,""base"":100.75,""quote"":490.88}",ETH
bsc,0x71539D09D3890195dDa87A6198B98B75211b72F3,BTCB,0x5e8F4c86C3BB2f4070ad570776574034Ac19e0e7,"{""usd"":583435.3974914756,""base"":17.39,""quote"":1139.36}",BTC
polygon,uniswap,SUSHI,0x07A0e5CC33F3f28Cf655D7a76334D0b1BAB5b704,"{""usd"":51047,""base"":24110,""quote"":34906}",SUSHI
polygon,sushiswap,WETH,0x6FF62bfb8c12109E8000935A6De54daD83a4f39f,"{""usd"":598032.4253920547,""base"":239.9,""quote"":299016}",ETH
avalanche,traderjoe,WMATIC,0xC0294fAfdeE273F4d8D01db52cc0c65102bc081F,"{""usd"":1173755,""base"":755281,""quote"":586877}",MATIC
osmosis,osmosis,DOT,773,"{""usd"":624906,""base"":68558,""quote"":440333}",DOT
fantom,equalizer,ETH,0xE3bD349BDb8203C15426b2d273f57568E658F843,"{""usd"":224992.06681235562,""base"":89.76,""quote"":517360}",ETH
milkomedacardano,milkyswap,WETH,0x7c0Fb8aEbe55f2b6E913A6021C48b8C060fEc4eD,"{""usd"":57245,""base"":22.93,""quote"":105851}",ETH
polygon,uniswap,MANA,0x56845fd95C766eCB0ab450fE2D105a19440a6E35,"{""usd"":56532,""base"":104881,""quote"":30143}",MANA
osmosis,osmosis,WBNB,840,"{""usd"":490887,""base"":960.3,""quote"":345649}",BNB
ethereum,sushiswap,WETH,0xC3D03e4F041Fd4cD388c549Ee2A29a9E5075882f,"{""usd"":6631146,""base"":2652,""quote"":3315573}",ETH
polygon,balancer,WMATIC,0xd208168d2a512240eb82582205d94a0710bce4e7000100000000000000000038-0x0d500B1d8E8eF31E21C99d1Db9A6444d3ADf1270-0x2791Bca1f2de4661ED88A30C99A7a9449Aa84174,"{""usd"":93845,""base"":60481,""quote"":46919}",MATIC
avalanchedfk,defikingdoms,ETH,0x78C893E262e2681Dbd6B6eBA6CCA2AaD45de19AD,"{""usd"":298746,""base"":120.1,""quote"":1716560}",ETH
kcc,mojitoswap,BTCK,0x67990BFEeB3c3537FC67C23f294312155D764b20,"{""usd"":2113015,""base"":62.79,""quote"":159191}",BTC
ethereum,uniswap,CRV,0x919Fa96e88d67499339577Fa202345436bcDaf79,"{""usd"":526639,""base"":654350,""quote"":144.2}",CRV
bsc,pancakeswap,SBNB,0x7E3d628D6014756285dFf1f4c5D54edC76095e42,"{""usd"":1574210.3073106299,""base"":3042.23,""quote"":3036.35}",BNB
heco,mdex,DOGE,0xAd67Dd95926bD56094908917Fa44529933B6F831,"{""usd"":311739.3594900904,""base"":2200435,""quote"":155870}",DOGE
avalanche,traderjoe,SOL,0x74eF6a9a7aE35899EaC8E2F2427C1a604d66Ae7b,"{""usd"":599774,""base"":22891,""quote"":299887}",SOL
polygon,quickswap,SOL,0x8F89216177144A553BE966fd45E17F9E915E3ef4,"{""usd"":543317.266678,""base"":20749,""quote"":271659}",SOL
osmosis,osmosis,EEUR,481,"{""usd"":936878,""base"":474364,""quote"":660150}",EUR
bsc,pancakeswap,stkBNB,0xaA2527ff1893e0D40d4a454623d362B79E8bb7F1,"{""usd"":179180.01681512964,""base"":344.17,""quote"":348.67}",BNB
bsc,0xC7a506ab3ac668EAb6bF9eCf971433D6CFeF05D9,BTCB,0xfb83B3525F937B33c6EcE4038DfA792fCee2Aa78,"{""usd"":86746.58300514297,""base"":2.58,""quote"":169.37}",BTC
polygon,mmfinance,stMATIC,0x0d54918038dbEE259173bdb055DCbC58211626FC,"{""usd"":51960.99217653494,""base"":31441,""quote"":19859}",MATIC
bsc,pancakeswap,DIA,0x1Cb2Ec921f84EBCA394fedADc8EBdDc6071099D7,"{""usd"":72560.36618398139,""base"":124770,""quote"":36280}",DIA
bsc,babyswap,ATOM,0x42932A3c73DF05586aa5cfD4f3a9a61655c98b45,"{""usd"":219989.92481459738,""base"":11021,""quote"":109995}",ATOM
polygon,0xBE087BeD88539d28664c9998FE3f180ea7b9749C,WETH,0x30890d1a43e74edbFb2340FdAEB5B49DFD7F3360,"{""usd"":54442.357462,""base"":21.77,""quote"":27221}",ETH
polygon,balancer,LINK,0xce66904b68f1f070332cbc631de7ee98b650b499000100000000000000000009-0x53E0bca35eC356BD5ddDFebbD1Fc0fD03FaBad39-0xD6DF932A45C0f255f85145f286eA0b292B21C90B,"{""usd"":141973,""base"":12667,""quote"":1296}",LINK
polygon,quickswap,stMATIC,0x65752C54D9102BDFD69d351E1838A1Be83C924C6,"{""usd"":435537.3047158288,""base"":266028,""quote"":281029}",MATIC
kcc,mojitoswap,CRV,0x27032cA70a9F37Dc7391E2ec5f75011637cc8e03,"{""usd"":97108,""base"":90784,""quote"":7322}",CRV
ethereum,uniswap,MKR,0xe8c6c9227491C0a8156A0106A0204d881BB7E531,"{""usd"":7041941,""base"":12698,""quote"":352.7}",MKR
osmosis,osmosis,BAND,626,"{""usd"":60050,""base"":21211,""quote"":42344}",BAND
polygon,kyberswap,KNC,0xCD0bC9DcB8F1dDa77C5D6d8615577d7B50Efe0Db,"{""usd"":61785.87142896846,""base"":134270,""quote"":30893}",KNC
fantom,hyperjump,WFTM,0x50Cc648E45B84D68405BA0707e94c507b08e593d,"{""usd"":64891.738654,""base"":149816,""quote"":32446}",FTM
aptos,pancakeswap,WETH,pcs-141,"{""usd"":3824240,""base"":1530,""quote"":1912120}",ETH
ethereum,sushiswap,SUSHI,0x795065dCc9f64b5614C407a6EFDC400DA6221FB0,"{""usd"":9608290,""base"":4915469,""quote"":3846}",SUSHI
polygon,uniswap,BUSD,0x2c9706d421Ddd566FD487628592B2451898eB77F,"{""usd"":55400,""base"":26025,""quote"":29400}",BUSD
polygon,quickswap,maWETH,0x95E6c356C87A5AB6Cc415040F1C794e82015207E,"{""usd"":93281.81051122937,""base"":37.63,""quote"":44197}",ETH
polygon,sushiswap,AXMATIC,0xf5a739B544b392a3ffF893a91c53e7408116dFc5,"{""usd"":195458.93494144676,""base"":119855,""quote"":838860}",MATIC
arbitrumnova,sushiswap,WETH,0x26d96cfC6DF8262b1bb327a2df0eDE02FDfC8874,"{""usd"":195076,""base"":78.88,""quote"":97538}",ETH
polygon,sushiswap,WMATIC,0xcd353F79d9FADe311fC3119B841e1f456b54e858,"{""usd"":356184.392422,""base"":229817,""quote"":178092}",MATIC
wanchain,wanswap,wanETH,0xB1b5Dada5795F174F1f62edE70EdB4365fB07fb1,"{""usd"":131714,""base"":52.73,""quote"":401067}",ETH
optimism,uniswap,vSOL,0xf993cc412eDF1257F3e771Bb744645daF4c19b14,"{""usd"":295319,""base"":12282,""quote"":134768}",SOL
fantom,spookyswap,ETH,0xf0702249F4D3A25cD3DED7859a165693685Ab577,"{""usd"":3995559.2035078416,""base"":1597.55,""quote"":9193878}",ETH
moonbeam,stellaswap,xcDOT,0xa927E1e1E044CA1D9fe1854585003477331fE2Af,"{""usd"":4349639,""base"":472022,""quote"":6848374}",DOT
wanchain,wanswap,wanBTC,0x56290cdbd88D5516877Cbc1c892Aa7A77f3b0301,"{""usd"":423573,""base"":12.62,""quote"":1289772}",BTC
canto,slingshotfinance,ATOM,0x30838619C55B787BafC3A4cD9aEa851C1cfB7b19,"{""usd"":3277324,""base"":164307,""quote"":16054333}",ATOM
avalanche,kyberswap,WAVAX,0x1314EEBFaEB680aE522853fe313F4e631562f989,"{""usd"":192206,""base"":8513,""quote"":94224}",AVAX
ethereum,uniswap,DIA,0x4Dc02e1bB2EC1CE4C50C351e6e06505E7B1dCe8d,"{""usd"":814063,""base"":1384946,""quote"":325.9}",DIA
bsc,apeswap,XRP,0x6f0f18f5fcC1466ec41c8106689e10BeFE68D1c0,"{""usd"":113579.50640617292,""base"":169792,""quote"":221.68}",XRP
bsc,0x3657952d7bA5A0A4799809b5B6fdfF9ec5B46293,WBNB,0xCf643C4B9DBf42239aa00e23A0570c90d517E6dC,"{""usd"":61768.028279102386,""base"":120.48,""quote"":30884}",BNB
bsc,pancakeswap,BUSD,0xd7C6Fc00FAe64cb7D242186BFD21e31C5b175671,"{""usd"":179305.51777990093,""base"":89481,""quote"":89204}",BUSD
astar,arthswap,BUSD,0xeee106Aa8a0DE519E8Eb21C66A5c2275b46b3F4d,"{""usd"":822070,""base"":410606,""quote"":411035}",BUSD
tombchain,lif3,FTM,0x4a3F1C700d69818001eD5f21175B9E8D267de9e5,"{""usd"":199689,""base"":466408,""quote"":4649625}",FTM
polygon,quickswap,LINK,0x5cA6CA6c3709E1E6CFe74a50Cf6B2B6BA2Dadd67,"{""usd"":287570.61878185347,""base"":25630,""quote"":115.03}",LINK
cronos,mmfinance,WBTC,0x5383202D48C24aAA19873366168f2Ed558a00ff0,"{""usd"":213428,""base"":6.373,""quote"":1817561}",BTC
fantom,wigoswap,ETH,0x9B82CF433bEa2671Ea024A5c7066DE0c3292AdE6,"{""usd"":103206.05026365846,""base"":41.29,""quote"":237984}",ETH
evmos,diffusion,axlWETH,0x1E4732C7D934173116a1981F9B94B31D5da3c6F9,"{""usd"":181766.4433425989,""base"":71.97,""quote"":240114}",ETH
arbitrum,uniswap,wstETH,0x7103B8F34473C7812818C55EB127D1F590F67D84,"{""usd"":79588,""base"":38.37,""quote"":21.08}",ETH
avalanche,traderjoe,agEUR,0x0b7e759A94D18A0109b9317606aA7094A40f8733,"{""usd"":204278,""base"":95073,""quote"":102139}",EUR
aptos,pancakeswap,BUSD,pcs-215,"{""usd"":3759591,""base"":1874093,""quote"":1879795}",BUSD
moonbeam,beamswap,xcIBTC,0x0557949eA1f39E08233246d15Af6C24CF8b92B82,"{""usd"":539965,""base"":16.07,""quote"":269982}",BTC
metis,netswap,BNB,0xD8fF1c29204256c506098470143896ba2f54CFAd,"{""usd"":127663,""base"":250.4,""quote"":3813}",BNB
milkomedacardano,muesliswap,WBTC,0xaDbaBAf06c98785f09482F41Cf862edBE7889160,"{""usd"":51937,""base"":1.555,""quote"":96358}",BTC
arbitrum,sushiswap,WBTC,0x515e252b2b5c22b4b2b6Df66c2eBeeA871AA4d69,"{""usd"":1114039.8237623447,""base"":33.16,""quote"":445.82}",BTC
bsc,mdex,ETH,0x0FB881c078434b1C0E4d0B64d8c64d12078b7Ce2,"{""usd"":3709783.0025901846,""base"":1484.03,""quote"":1854892}",ETH
bsc,pancakeswap,ONE,0x9D2296e2Fe3CdBf2EB3e3e2CA8811BaFA42eeDFF,"{""usd"":148605.1501002848,""base"":7181576,""quote"":290.14}",ONE
fantom,spiritswap,ETH,0x613BF4E46b4817015c01c6Bb31C7ae9edAadc26e,"{""usd"":252508.47790865393,""base"":101.19,""quote"":583358}",ETH
fuse,voltagefinance,WETH,0x7Fe1A61E4FE983D275cb5669072A9d1dee9Bd45C,"{""usd"":249736.81370828426,""base"":100.07,""quote"":2083406}",ETH
bsc,apeswap,DOGE,0xfd1ef328A17A8e8Eeaf7e4Ea1ed8a108E1F2d096,"{""usd"":118208.37650583172,""base"":832618,""quote"":229.96}",DOGE
polygon,dfyn,WETH,0xC3379226AEeF21464d05676305dad1261D6F3FAC,"{""usd"":348656.22865331464,""base"":139.8,""quote"":224378}",ETH
fantom,beethovenx,BUSD,0xcc331c12f23a22dd253f97b2b0f501577827496e0001000000000000000005f0-0x04068DA6C83AFCFA0e13ba15A6696662335D5B75-0xC931f61B1534EB21D8c11B24f3f5Ab2471d4aB50,"{""usd"":599348,""base"":300827,""quote"":299737}",BUSD
fantom,beethovenx,AVAX,0x65411827ef78f08f6559acf91de3a4f5a26d785c0001000000000000000004c6-0x21be370D5312f44cB42ce377BC9b8a0cEF1A4C83-0x511D35c52a3C244E7b8bd92c0C297755FbD89212,"{""usd"":89042,""base"":3748,""quote"":196157}",AVAX
polygon,uniswap,stMATIC,0x59db5eA66958b19641b6891Fc373B44b567ea15C,"{""usd"":96726,""base"":46523,""quote"":75606}",MATIC
arbitrum,traderjoe,WBTC,0x805600Dc8aD916D221e635da6731e357845D32f9,"{""usd"":57352,""base"":2.428,""quote"":16567}",BTC
bsc,biswap,TRX,0x16da0c473214717383b7Ef5cdE71c723584f8ac4,"{""usd"":331402.2762258394,""base"":3236541,""quote"":642.39}",TRX
polygon,quickswap,mOCEAN,0x5a94F81D25c73eDdBDD84b84E8F6D36C58270510,"{""usd"":566987.2775574876,""base"":1527354,""quote"":365786}",OCEAN
bsc,biswap,ETC,0x1Cba970a6E06d4BcC0c4717BE677d1A8AA0211DA,"{""usd"":837927.8374715572,""base"":23109,""quote"":1637.67}",ETC
kcc,mojitoswap,SNX,0x33FEa29caD88963B94cE40047fB562ACf98bA572,"{""usd"":102975,""base"":33311,""quote"":7764}",SNX
evmos,diffusion,ATOM,0x9d3055544E85Dbaea07A6966741010e663ab5444,"{""usd"":676680.0477602475,""base"":33789,""quote"":905621}",ATOM
polygon,apeswap,WETH,0x6Cf8654e85AB489cA7e70189046D507ebA233613,"{""usd"":1892992.6426550888,""base"":759.36,""quote"":1220177}",ETH
polygon,quickswap,SAND,0x369582d2010B6eD950B571F4101e3bB9b554876F,"{""usd"":3484370.5936418865,""base"":4223981,""quote"":2248287}",SAND
ethereum,uniswap,MATIC,0x819f3450dA6f110BA6Ea52195B3beaFa246062dE,"{""usd"":945115,""base"":608503,""quote"":378.3}",MATIC
ethereum,uniswap,SAND,0x3dd49f67E9d5Bc4C5E6634b3F70BfD9dc1b6BD74,"{""usd"":1443536,""base"":1745951,""quote"":577.9}",SAND
bsc,0xE52cCf7B6cE4817449F2E6fA7efD7B567803E4b4,ETH,0x70E2A2A6c00cAaD4Eb7e8D600B5c62e85ab0A642,"{""usd"":388230.50088985113,""base"":155.54,""quote"":258642}",ETH
bsc,babyswap,AVAX,0x74c4DA0DAca1A9e52Faec732d96BC7dEA9FB3ac1,"{""usd"":286965.30298941577,""base"":12458,""quote"":143483}",AVAX
bsc,biswap,BTCB,0xa987f0b7098585c735cD943ee07544a84e923d1D,"{""usd"":8080401.815448198,""base"":240.68,""quote"":4040201}",BTC
arbitrum,sushiswap,LINK,0x7050A8908E2a60899D8788015148241f0993a3FD,"{""usd"":78936.63284953013,""base"":7034.31,""quote"":31.58}",LINK
gnosischain,honeyswap,WBTC,0xb3011007ebBb56C791eAEbF87Fe035190b8dbE62,"{""usd"":68819,""base"":2.053,""quote"":27.56}",BTC
kcc,kuswap,BTCK,0x009fe8dACCDcB2C82f5Bde0E9A28d0D802fF93Fd,"{""usd"":58665,""base"":1.749,""quote"":4416}",BTC
conflux,swappi,WBTC,0x9B2e43277238d4C6a9534CAA84cf80cB076810eA,"{""usd"":484985,""base"":14.46,""quote"":242492}",BTC
ethereum,balancer,LINK,0xe99481dc77691d8e2456e5f3f61c1810adfc1503000200000000000000000018-0x514910771AF9Ca656af840dff83E8264EcF986CA-0xC02aaA39b223FE8D0A0e5C4F27eAD9083C756Cc2,"{""usd"":1254610,""base"":111714,""quote"":502.1}",LINK
gnosischain,honeyswap,DATA,0x3Bb4eE8EfB711E117912c0f7C3158B069482f977,"{""usd"":72380,""base"":1520734,""quote"":36251}",DATA
smartbch,benswap,bbETH,0x15868E73067fA63b17b5429aBc94B5aC2399d9b1,"{""usd"":50723.292994632815,""base"":20.03,""quote"":249.62}",ETH
smartbch,benswap,bbBTC,0x184a34ba5108f1DBE773aA1aca962604627c8C33,"{""usd"":51043.10749776203,""base"":1.51,""quote"":251.2}",BTC
boba,oolongswap,WBTC,0xeef227ECccec2213f80bB92CB648b0ddbAAB00AB,"{""usd"":85239,""base"":2.527,""quote"":33.82}",BTC
ethereum,pancakeswap,WETH,0x17C1Ae82D99379240059940093762c5e4539aba5,"{""usd"":2509478,""base"":1004,""quote"":1254739}",ETH
optimism,uniswap,WBTC,0x85C31FFA3706d1cce9d525a00f1C7D4A2911754c,"{""usd"":84105,""base"":3.86,""quote"":15.41}",BTC
bsc,biswap,UNI,0x153dC2eBcB551799b13D4E6Ff84fC34C7AEDf241,"{""usd"":2009764.0765569261,""base"":189154,""quote"":3924.29}",UNI
ethereum,0x4eef5746ED22A2fD368629C1852365bf5dcb79f1,WETH,0x3Af7A58D54cf014675aF2B7EBc222C3166BF5692,"{""usd"":240749,""base"":96.36,""quote"":120374}",ETH
ethereum,uniswap,FUN,0x3fFedCDDD268511acC44aE67845bdd56c8417fA4,"{""usd"":3243198,""base"":328562518,""quote"":73.07}",FUN
ethereum,uniswap,OGN,0x70BB8E6844DFB681810FD557DD741bCaF027bF94,"{""usd"":1119510,""base"":7532758,""quote"":365.2}",OGN
ethereum,uniswap,PNT,0x77bbC2B409C2c75E4999e8E3eb8309EFff37cf2D,"{""usd"":378009,""base"":1402969,""quote"":151.3}",PNT
ethereum,uniswap,rETH2,0xa9ffb27d36901F87f1D0F20773f7072e38C5bfbA,"{""usd"":8343216,""base"":3155,""quote"":3564}",ETH
bsc,nomiswap,BTCB,0x36451A95D5a2F0C25530331F382E4D432CAecB17,"{""usd"":718388.7273576532,""base"":21.4,""quote"":1402.61}",BTC
arbitrum,balancer,BAL,0xcc65a812ce382ab909a11e434dbf75b34f1cc59d000200000000000000000001-0x040d1EdC9569d4Bab2D15287Dc5A4F10F56a56B8-0x82aF49447D8a07e3bd95BD0d56f35241523fBab1,"{""usd"":240875,""base"":27517,""quote"":77.28}",BAL
avalanche,traderjoe,WBTC.e,0xd5a37dC5C9A396A03dd1136Fc76A1a02B1c88Ffa,"{""usd"":431551,""base"":12.82,""quote"":18722}",BTC
aurora,trisolaris,WETH,0x63da4DB6Ef4e7C62168aB03982399F9588fCd198,"{""usd"":627678,""base"":251.8,""quote"":208885}",ETH
dogechain,yodeswap,WWDOGE,0x8DCeBE9f071562D52b5ABB17235f3bCA768C1e44,"{""usd"":229408,""base"":1597949,""quote"":114704}",DOGE
milkomedacardano,muesliswap,AVAX,0x172fe7FC5263f6ebAda9A58FFabEec68397995BD,"{""usd"":167050,""base"":7163,""quote"":308893}",AVAX
ethereum,sushiswap,MATIC,0x7f8F7Dd53D1F3ac1052565e3ff451D7fE666a311,"{""usd"":72657,""base"":46723,""quote"":29.08}",MATIC
arbitrum,uniswap,UNI,0xC24f7d8E51A64dc1238880BD00bb961D54cbeb29,"{""usd"":648892,""base"":96768,""quote"":107.19}",UNI
fuse,voltagefinance,BNB,0x0dF48369504825C16D3FC6a74842aEf3c91E90E6,"{""usd"":89002.31914611619,""base"":172.52,""quote"":44501}",BNB
bsc,biswap,EGLD,0x46c2b98471144537AcFF010A42675De31cd56Dd9,"{""usd"":281295.7085344492,""base"":4114.5,""quote"":547.52}",EGLD
bsc,pancakeswap,ZIL,0x6A97867a4b7Eb7646ffB1F359ad582e9903aa1C2,"{""usd"":50613.13659252678,""base"":1563297,""quote"":100.64}",ZIL
polygon,uniswap,BEUR,0x0066ead4772591b62dC72929AEF13F7DDE1B4374,"{""usd"":315936,""base"":133870,""quote"":171985}",EUR
astar,arthswap,WBTC,0x61a49Ba86E168cD25cA795b07B0A93236BB25127,"{""usd"":253312,""base"":7.554,""quote"":3219249}",BTC
kcc,mojitoswap,LINK,0x2c44f11c2D73961d09197729aea9449c8c786049,"{""usd"":166995,""base"":14887,""quote"":12593}",LINK
fantom,knightswap,ETH,0xbE612c02BeE4b9FEb6B38693510c6C2a2028866d,"{""usd"":60069.7140066794,""base"":24.03,""quote"":138486}",ETH
bitgert,icecreamswap,ETHi,0x9C5452e5735E6958E975389531A01Ff49478f186,"{""usd"":142439,""base"":55.98,""quote"":243226752982}",ETH
ethereum,uniswap,OCEAN,0x283E2E83b7f3e297C4B7c02114Ab0196B001a109,"{""usd"":262098,""base"":877597,""quote"":79.59}",OCEAN
polygon,polycat,WMATIC,0x8A4CEb4DffA238539C5d62Ce424980e8fdb21EBc,"{""usd"":56744.679216,""base"":36577,""quote"":28372}",MATIC
optimism,velodrome,wstETH,0xBf205335De602ac38244F112d712ab04CB59A498,"{""usd"":15547529.803016331,""base"":2997.56,""quote"":6216.87}",ETH
evmos,diffusion,ceWETH,0x40F75Fe84383dF52FcaB461497C5949C1Dc811De,"{""usd"":119192.78538436933,""base"":47.01,""quote"":158754}",ETH
dogechain,kibbleswap,ETH,0xb9a5f0cdF48054e101FD2d39b4F434c1ceD8B2Ec,"{""usd"":209940,""base"":83.88,""quote"":1472422}",ETH
arbitrum,uniswap,CRV,0xBA80CEdE54Bf09f8160F7d6AD4a9d6ae3a9852d9,"{""usd"":375621,""base"":543598,""quote"":70.07}",CRV
ethereum,uniswap,CHZ,0xB0F4a77Bde7fEE134265307C5CC19abfF0ba409B,"{""usd"":1343165,""base"":7527963,""quote"":541373}",CHZ
bsc,pancakeswap,VET,0x9fcA1DcE9E0487336355C6485327Cd8728147c18,"{""usd"":56953.03055494611,""base"":1767428,""quote"":28477}",VET
bsc,jetswap,WBNB,0xc53eE6446101F2128f887b8c75083E74dca3e973,"{""usd"":113280.18229321745,""base"":221.19,""quote"":56640}",BNB
polygon,quickswap,IQ,0x9F4360a2390321Cb1CBfF4cebEB4315d64Ed3aC1,"{""usd"":97715.390082,""base"":11323937,""quote"":48858}",IQ
optimism,velodrome,sETH,0xFd7FddFc0A729eCF45fB6B12fA3B71A575E1966F,"{""usd"":7212641.602175442,""base"":3180.12,""quote"":2884.15}",ETH
fantom,spookyswap,BTC,0xEc454EdA10accdD66209C57aF8C12924556F3aBD,"{""usd"":2019074.6066074262,""base"":59.98,""quote"":807.43}",BTC
kcc,mojitoswap,ETH,0x1F1EC5bcb2cB2a892D34A85d3eCb4C7e167Ff630,"{""usd"":2390074,""base"":956.1,""quote"":180130}",ETH
celo,ubeswap,WETH,0x5d60b9766530c4535BD753B1FDD7efEA400539BB,"{""usd"":154605.73102070374,""base"":61.92,""quote"":158649}",ETH
conflux,swappi,ETH,0x8ea70966e8F14337657BFF7f40cFB9648f79530b,"{""usd"":405760,""base"":163,""quote"":9033970}",ETH
bsc,babyswap,WBNB,0xBF83cA11aBC62447226F6b3566918d3594bA3803,"{""usd"":475719.43306847184,""base"":928.98,""quote"":237860}",BNB
avalanche,traderjoe,BNB,0xeb8eB6300c53C3AddBb7382Ff6c6FbC4165B0742,"{""usd"":131520,""base"":257.2,""quote"":5698}",BNB
ethereum,uniswap,DENT,0x8b6eD5Fa776F10787F1171bDEea4f3c40974DF6E,"{""usd"":73426,""base"":95658373,""quote"":6.898}",DENT
bsc,biswap,DOT,0xe7fbB8bd95322618e925affd84D7eC0E32DC0e57,"{""usd"":1235059.0895025723,""base"":135038,""quote"":2412.8}",DOT
celo,ubeswap,cEUR,0xC2Fd7BD1C2A86b57F8dA0837D32AA9ca86Cc1d6b,"{""usd"":134662.993799663,""base"":64000,""quote"":67331}",EUR
polygon,kyberswap,WETH,0xD10F0C5c9937DFB93C2942729a2aAA362aDB0ccF,"{""usd"":220617.3145675791,""base"":13.89,""quote"":142329}",ETH
bsc,0x1e895bFe59E3A5103e8B7dA3897d1F2391476f3c,WBNB,0x5f5d385397095AaED4daffe336F9815AC598DFf5,"{""usd"":407270.99735558964,""base"":804.46,""quote"":203635}",BNB
bsc,pancakeswap,TRX,0xb5D108578Be3750209d1b3A8f45FFee8C5a75146,"{""usd"":5456148.979484549,""base"":53729085,""quote"":2728074}",TRX
polygon,mmfinance,WMATIC,0xb965c131f1C48d89B1760860b782D2aCDF87273b,"{""usd"":167695.736284,""base"":108108,""quote"":83848}",MATIC
arbitrum,oreoswap,WETH,0x9A8D82568cbe5CcABbFD7C6a44d00231aA547898,"{""usd"":131654.064588,""base"":52.9,""quote"":65827}",ETH
fantom,knightswap,WFTM,0xB733654453404AAb46d34E68fF24415F5f588C21,"{""usd"":269421.4899,""base"":621978,""quote"":134711}",FTM
polygon,apeswap,WMATIC,0xd32f3139A214034A0f9777c87eE0a064c1FF6AE2,"{""usd"":1175936.320473301,""base"":757977,""quote"":587968}",MATIC
optimism,uniswap,vCRV,0x6e39aCC0Dd292a70D92c447ebCcB8728f4eD5FE4,"{""usd"":499410,""base"":635734,""quote"":162609}",CRV
fantom,0xDc745E09fC459aDC295E2e7baACe881354dB7F64,WFTM,0x173F3e43F0414F903620948F9d2094F9dbD92F15,"{""usd"":355494.9238037519,""base"":817416,""quote"":177747}",FTM
polygon,sushiswap,WBTC,0xE62Ec2e799305E0D367b0Cc3ee2CdA135bF89816,"{""usd"":521706.42875996896,""base"":15.47,""quote"":208.52}",BTC
avalanche,kyberswap,sAVAX,0x53CFB104bF1cCDE49b7db7775d3213bF173A0e04,"{""usd"":463797,""base"":19817,""quote"":220055}",AVAX
milkomedacardano,milkyswap,AVAX,0x8D6a70271a09E646a55a6EDFa2c250d61e6ED4F8,"{""usd"":163365,""base"":7013,""quote"":302078}",AVAX
bsc,apeswap,BTCB,0x1E1aFE9D9c5f290d8F6996dDB190bd111908A43D,"{""usd"":442954.3160610722,""base"":13.19,""quote"":864.59}",BTC
polygon,quickswap,DATA,0x44eB80e54a22C740C919607599A3BC46750A3B71,"{""usd"":121357.65371,""base"":2613274,""quote"":60679}",DATA
arbitrum,kyberswap,agEUR,0xf9d234BAD87825AA8906826F0a68d4c5bbbb1461,"{""usd"":457036.282976,""base"":268949,""quote"":228518}",EUR
aurora,trisolaris,WBTC,0xbc8A244e8fb683ec1Fd6f88F3cc6E565082174Eb,"{""usd"":209834,""base"":6.256,""quote"":69830}",BTC
astar,arthswap,DOT,0xF4119c3d9e65602bb34f2455644e45c98d29bB4b,"{""usd"":52279,""base"":5723,""quote"":26139}",DOT
oec,kswap,LTCK,0xB996245431877d24c32Cf3b77d49c70a4BEA599C,"{""usd"":111034.64954211748,""base"":758.37,""quote"":55517}",LTC
bsc,biswap,AVAX,0x2f3899fFB9FdCf635132F7bb94c1a3A0F906cc6f,"{""usd"":330804.4000483537,""base"":14412,""quote"":647.05}",AVAX
bsc,biswap,SAND,0x69f60c87AEcdb037A44cbaD67eD06464432521b6,"{""usd"":79558.33361540835,""base"":96646,""quote"":39779}",SAND
bsc,0x71f843BD057d2eE39AE52186a33c3aFD1124805A,WBNB,0x95cFe85b1732a9afb264EA1dF7f71bF7228cDE84,"{""usd"":439649.36230870517,""base"":858.43,""quote"":219825}",BNB
bsc,pancakeswap,SXP,0xD8E2F8b6Db204c405543953Ef6359912FE3A88d6,"{""usd"":280469.11149661115,""base"":675350,""quote"":547.4}",SXP
polygon,dystopia,stMATIC,0x6f2Fed287E47590b7702f9d331344c7dACbAcfe5,"{""usd"":78066.150754,""base"":47727,""quote"":39033}",MATIC
ethereum,uniswap,DOGE,0xfCd13EA0B906f2f87229650b8D93A51B2e839EBD,"{""usd"":2158029,""base"":15207147,""quote"":1079015}",DOGE
bsc,0xf89e6CA06121B6d4370f4B196Ae458e8b969A011,WBNB,0x14732123c443f8E815D5c64f3C7ecb63bCeEab74,"{""usd"":322951.7751362312,""base"":629.34,""quote"":161476}",BNB
bsc,0x40383b3F58B699a4817040792995540F3279EFdB,WBNB,0x2a19226CEb4b186624fa046441D45EB0134808aD,"{""usd"":51848.268885097685,""base"":100.99,""quote"":25924}",BNB
bsc,0x670f55c6284c629c23baE99F585e3f17E8b9FC31,ETH,0x542B077f6a06b488A31B8C8b31E456F2B3984989,"{""usd"":51603.74495771281,""base"":20.68,""quote"":100.68}",ETH
avalanche,pangolin,LINK.e,0x5875c368Cddd5FB9Bf2f410666ca5aad236DAbD4,"{""usd"":543396,""base"":48563,""quote"":23544}",LINK
ethereum,uniswap,SNX,0x43AE24960e5534731Fc831386c07755A2dc33D47,"{""usd"":494599,""base"":160336,""quote"":197.6}",SNX
bsc,biswap,ZIL,0xe41F46AEF7594Cc43FC57edf2b0fDC377900BC4E,"{""usd"":137863.39561545904,""base"":4161024,""quote"":269.19}",ZIL
polygon,mmfinance,WETH,0x8C26252B14F9b071585B81b240C4ae2176E8cD3C,"{""usd"":124390.861104,""base"":49.82,""quote"":62195}",ETH
avalanche,traderjoe,sAVAX,0xA7687BE7174721178CFD7AA1AE590209649FC0b8,"{""usd"":110612,""base"":1102,""quote"":8402}",AVAX
fantom,wigoswap,CRV,0xEDa9715BE52e8819f5C5a2305813A851e568dAFf,"{""usd"":50987.58968237931,""base"":47772,""quote"":117575}",CRV
aptos,pancakeswap,BNB,pcs-150,"{""usd"":1686645,""base"":3283,""quote"":843323}",BNB
moonbeam,stellaswap,MATIC,0x6775ff3828a19EB5926C0C4D572183cA15Aa4C08,"{""usd"":79557,""base"":51132,""quote"":125261}",MATIC
bsc,apeswap,AVAX,0x40aFc7CBd0Dc2bE5860F0035b717d20Afb4827b2,"{""usd"":193988.1923272768,""base"":8406.95,""quote"":378.66}",AVAX
bsc,nomiswap,ETH,0xe324aa41eeFd912421C601626A6D5F85CC346B6a,"{""usd"":427101.18417558324,""base"":171,""quote"":213551}",ETH
polygon,sushiswap,LINK,0x74D23F21F780CA26B47Db16B0504F2e3832b9321,"{""usd"":236571.91403605102,""base"":21064,""quote"":94.6}",LINK
polygon,sushiswap,MANA,0xc48AE82ca34C63887b975F20ABA91a38f2a900B8,"{""usd"":74484.41620793492,""base"":117894,""quote"":29.79}",MANA
fantom,equalizer,BTC,0xDA3E21477F872F30794551D908DE244b8839F723,"{""usd"":53106.82479408503,""base"":1.57,""quote"":122320}",BTC
metis,netswap,WETH,0x59051B5F5172b69E66869048Dc69D35dB0B3610d,"{""usd"":543935,""base"":218.3,""quote"":16249}",ETH
kcc,mojitoswap,UNI,0x6699b73A444Aa4A4eA821cDc6571ADf7C6c2bEc7,"{""usd"":191131,""base"":17933,""quote"":14413}",UNI
bsc,planetfinance,WBNB,0x89fD5DcF5D7C9FEbA8c8106A5Abc09325fC2a39e,"{""usd"":168190.6970772067,""base"":328.33,""quote"":84095}",BNB
fantom,wigoswap,LINK,0xD9EE6DbDB17aFb313c5C2dBf55C71DEb906A72Ce,"{""usd"":56391.30796,""base"":5008.99,""quote"":28196}",LINK
bsc,0xE52cCf7B6cE4817449F2E6fA7efD7B567803E4b4,WBNB,0x43140d439A685E2B369b34Ee31cACC429B1bB396,"{""usd"":361402.09256776643,""base"":705.1,""quote"":180701}",BNB
bsc,nomiswap,XRP,0x95569fFF9B815483De479736986495144f32d180,"{""usd"":62700.748476060704,""base"":93900,""quote"":31350}",XRP
klaytn,claimswap,oETH,0xC462708c7De5228021831F69A2D770d23f5b5016,"{""usd"":206199,""base"":82.61,""quote"":103099}",ETH
iotex,mimo,ioETH,0x543F4E80A0c2e226008f65F96964235523d16329,"{""usd"":590260,""base"":236.7,""quote"":13525201}",ETH
boba,0xc35DADB65012eC5796536bD9864eD8773aBc74C4,WETH,0x4F059F8d45230Cd5B37544E87eeBba033A5f1b17,"{""usd"":781313,""base"":311.7,""quote"":390657}",ETH
bsc,biswap,BAT,0xa099F0D90Eb17283Ae7d302d0a6ebb0CaCab39DF,"{""usd"":93717.1187107823,""base"":272145,""quote"":182.99}",BAT
bsc,apeswap,LINK,0x092ADA3818DB7FBb8e0A2124Ff218C5125C1CcE6,"{""usd"":128917.11946309608,""base"":11493,""quote"":251.8}",LINK
oasisemerald,yuzuswap,WETH,0x28c9D3e689B5d3629aFC2D69ef6a2799578574e0,"{""usd"":412137,""base"":166.6,""quote"":5747480}",ETH
ethereum,uniswap,MANA,0x11b1f53204d03E5529F09EB3091939e4Fd8c9CF3,"{""usd"":191920,""base"":302216,""quote"":76.82}",MANA
bsc,biswap,ETH,0x6216E04cd40DB2c6FBEd64f1B5830A98D3A91740,"{""usd"":18986692.140323743,""base"":7578.43,""quote"":562.87}",ETH
bsc,0x670f55c6284c629c23baE99F585e3f17E8b9FC31,WBNB,0x6AF4C4433474B2F8BA385AD62B23299c82846783,"{""usd"":104414.01781688118,""base"":204.02,""quote"":52207}",BNB
fantom,hyperjump,SNX,0xF2fCd382Ee404B105bfc0086ED41F1Bd19B8952a,"{""usd"":101821.69491893388,""base"":32754,""quote"":234647}",SNX
godwoken,yokaiswap,BTCB|bsc,0xE7970Ba16e4922e332AD8cA3650EeD7d52caD4D0,"{""usd"":168267,""base"":5.044,""quote"":33241119}",BTC
ethereum,sushiswap,SNX,0xA1d7b2d891e3A1f9ef4bBC5be20630C2FEB1c470,"{""usd"":409665,""base"":132824,""quote"":163.6}",SNX
bsc,0xC2D8d27F3196D9989aBf366230a47384010440c0,WBNB,0x693d208D53fE2B3a0920530bA48635f050dc2fCa,"{""usd"":142544.32612284253,""base"":278.28,""quote"":71272}",BNB
arbitrum,swapfish,WETH,0x8Bc2Cd9DAB840231A0Dab5B747b8A6085c4eA459,"{""usd"":852985.626058,""base"":342.61,""quote"":426493}",ETH
optimism,uniswap,vLINK,0x008B996FD9E7e6d974D03A834a9dBBFcd74689A2,"{""usd"":784429,""base"":101534,""quote"":212744}",LINK
canto,slingshotfinance,ETH,0x216400ba362d8FCE640085755e47075109718C8B,"{""usd"":3756307,""base"":1507,""quote"":18400110}",ETH
arbitrum,kyberswap,WBTC,0x2a83E1aa650b364Ac88b39f1F67A34abCca8e6F2,"{""usd"":239836.13995917267,""base"":23.98,""quote"":96.29}",BTC
bsc,biswap,SXP,0xedc3f1edB8811d2aE4aD6666D77521ae817F2ef1,"{""usd"":367864.5066323025,""base"":884460,""quote"":716.31}",SXP
cronos,candycity,WETH,0x27367196F4674d3afB871250E67adf2EcaEDF4bc,"{""usd"":60809,""base"":24.32,""quote"":518117}",ETH
osmosis,osmosis,WETH.grv,634,"{""usd"":118327,""base"":47.81,""quote"":83427}",ETH
bsc,pancakeswap,SUSHI,0x16aFc4F2Ad82986bbE2a4525601F8199AB9c832D,"{""usd"":134065.8515136811,""base"":68674,""quote"":53.82}",SUSHI
bsc,mdex,ADA,0x17632dCDA12c522Ec2bC8a08c6419aB16F249d35,"{""usd"":75503.12251714736,""base"":139435,""quote"":37752}",ADA
avalanche,traderjoe,LINK.e,0xb9f425bC9AF072a91c423e31e9eb7e04F226B39D,"{""usd"":69473,""base"":6217,""quote"":34736}",LINK
fantom,spiritswap,BTC,0x279b2c897737a50405ED2091694F225D83F2D3bA,"{""usd"":62313.147289772554,""base"":1.86,""quote"":143959}",BTC
ethereum,swapr,WETH,0x7515Be43D16f871588ADc135d58a9c30A71Eb34F,"{""usd"":687891,""base"":274.9,""quote"":343946}",ETH
bsc,babyswap,ETH,0x12C69cbebb5AeD7C85A01bc2206318fB6c03E940,"{""usd"":575949.2663482998,""base"":231.26,""quote"":1125.42}",ETH
bsc,0x97bCD9BB482144291D77ee53bFa99317A82066E8,WBNB,0x3dafe6213fbdE2f74e7D5Be443d5d2AA258d74C7,"{""usd"":158908.2889044351,""base"":309.94,""quote"":79454}",BNB
bsc,apeswap,FTM,0x47A0B7bA18Bb80E4888ca2576c2d34BE290772a6,"{""usd"":79064.11258578413,""base"":182984,""quote"":154.38}",FTM
godwoken,yokaiswap,WBTC|eth,0xAE448332e434b65EF2535055F6d8a1e3461c6F73,"{""usd"":167167,""base"":4.998,""quote"":32898194}",BTC
ethereum,sushiswap,COMP,0x31503dcb60119A812feE820bb7042752019F2355,"{""usd"":3360818,""base"":51302,""quote"":1345}",COMP
ethereum,uniswap,BNT,0x3fd4Cf9303c4BC9E13772618828712C8EaC7Dd2F,"{""usd"":67672,""base"":102092,""quote"":26.11}",BNT
ethereum,sushiswap,LINK,0xC40D16476380e4037e6b1A2594cAF6a6cc8Da967,"{""usd"":1643575,""base"":146299,""quote"":657.8}",LINK
bsc,nomiswap,ADA,0x325E05AFc5912f62c96c87a6FE51a420b567528B,"{""usd"":61534.20733086519,""base"":113481,""quote"":30767}",ADA
bsc,0x738B815eaDD06E0041b52B0C9d4F0d0D277B24bA,LTC,0x9a35A6A4d62f023d1F8176AA4F69c75AC0f9d51D,"{""usd"":135015.91321218206,""base"":923.21,""quote"":67508}",LTC
bsc,niob,WBNB,0xE2466652a46e47Fa278Be0A2ad8dce7c8445bE41,"{""usd"":107800.6248339071,""base"":210.01,""quote"":53900}",BNB
polygon,uniswap,EURS,0xC9D0CAe8343a2231b1647Ab00e639eAbdC766147,"{""usd"":262641,""base"":59782,""quote"":199757}",EUR
polygon,quickswap,AVAX,0xEb477AE74774b697B5D515eF8ca09e24FEe413b5,"{""usd"":79657.74870600973,""base"":3457.74,""quote"":51379}",AVAX
metis,tethys,WETH,0xEE5adB5b0DfC51029Aca5Ad4Bc684Ad676b307F7,"{""usd"":233346,""base"":93.71,""quote"":6970}",ETH
oec,okcswap,ETHK,0x42D0064842E0A3f9613C6b03DDe5Bd7d581bCEf5,"{""usd"":3152657.673306469,""base"":1260.69,""quote"":1576329}",ETH
bsc,apeswap,DOT,0x21CBb561c5d7D70e9E6Cc42136CB22F07552aEef,"{""usd"":149343.148199372,""base"":16338,""quote"":291.69}",DOT
bsc,mdex,XRP,0x86746cc10BA1422CB17483748105d1d1DF5A2876,"{""usd"":78894.37803649214,""base"":118157,""quote"":39447}",XRP
aptos,aux,WBTC,aux-0xae478ff7d83ed072dbc5e264250e67ef58f57c99d89b447efd8a0a2e8b2be76e-coin-t-0x5e156f1207d0ebfa19a9eeff00d62a282278fb8719f4fab3a586a0a2c0fffbea-coin-t,"{""usd"":1966510,""base"":58.61,""quote"":983255}",BTC
ethereum,sushiswap,YFI,0x088ee5007C98a9677165D78dD2109AE4a3D04d0C,"{""usd"":7069745,""base"":661,""quote"":2830}",YFI
bsc,babydogeswap,DOGE,0x2BcA13e7420AAC419b1cAdE07aD6bb1e735E0f3e,"{""usd"":713592.7350442967,""base"":5032564,""quote"":356796}",DOGE
bsc,0x940BEb635cbEeC04720AC97FADb97205676e6aa4,WBNB,0x30b4a9a0A4Be2129F9153029506F3Bc3176fe225,"{""usd"":96644.57047368001,""base"":188.19,""quote"":48322}",BNB
moonbeam,beamswap,ETH,0x6BA3071760d46040FB4dc7B627C9f68efAca3000,"{""usd"":230338,""base"":92.38,""quote"":115169}",ETH
ethereum,sushiswap,CRV,0x58Dc5a51fE44589BEb22E8CE67720B5BC5378009,"{""usd"":307846,""base"":287930,""quote"":123.2}",CRV
bsc,pancakeswap,BAND,0x168B273278F3A8d302De5E879aA30690B7E6c28f,"{""usd"":76767.94948031346,""base"":27643,""quote"":151.97}",BAND
polygon,mmfinance,WBTC,0x1aEc8fF1C39c34338327A32bBb35011432614172,"{""usd"":116977.996286,""base"":3.49,""quote"":58489}",BTC
optimism,velodrome,agEUR,0x7866C6072B09539fC0FDE82963846b80203d7beb,"{""usd"":677978.349694,""base"":321626,""quote"":338989}",EUR
heco,mdex,EOS,0x4bB6826E1Db889AE30657FA19E1a80D9aE332da5,"{""usd"":66191.29734952551,""base"":37372,""quote"":33096}",EOS
ethereum,uniswap,GBPT,0x990017e633878b26bfA6f736a1a26Af3D92b1EC7,"{""usd"":1193882,""base"":675126,""quote"":397770}",GBP
bsc,0xC3187EB9AB08eB845A12dA6A93c3Ab8655c5AF80,WBNB,0x7C98e8EAf41c15Ef87267400E15e6c134130e185,"{""usd"":72849.18866992282,""base"":141.95,""quote"":36425}",BNB
polygon,uniswap,jEUR,0x11FF14f2a27E4Fac4C6f174CF679c3E1CdC99BA7,"{""usd"":50103,""base"":30178,""quote"":18392}",EUR
ethereum,uniswap,FTM,0x3B685307C8611AFb2A9E83EBc8743dc20480716E,"{""usd"":492711,""base"":1504105,""quote"":130.8}",FTM
ethereum,uniswap,wstETH,0xD340B57AAcDD10F96FC1CF10e15921936F41E29c,"{""usd"":1805557,""base"":585.4,""quote"":806.9}",ETH
osmosis,osmosis,WETH,704,"{""usd"":12109428,""base"":4862,""quote"":8526242}",ETH
bsc,pancakeswap,MATIC,0x5AcB99428a29092555dCDc00e4565B05272a3B2B,"{""usd"":183904.30987035212,""base"":118875,""quote"":358.95}",MATIC
bsc,pancakeswap,SOL,0xEad15c55ce90A6eb6b1C3362c0b959A166c2EAC0,"{""usd"":637874.4094731414,""base"":24329,""quote"":318937}",SOL
cronos,vvsfinance,WBTC,0x8F09fFf247B8fDB80461E5Cf5E82dD1aE2EBd6d7,"{""usd"":2855530,""base"":85.05,""quote"":24278062}",BTC
fantom,spookyswap,BNB,0x956DE13EA0FA5b577E4097Be837BF4aC80005820,"{""usd"":677304.8313064141,""base"":1321.21,""quote"":1561667}",BNB
optimism,velodrome,SNX,0x9056EB7Ca982a5Dd65A584189994e6a27318067D,"{""usd"":1619588.44952,""base"":524755,""quote"":809794}",SNX
bsc,babyswap,BTCB,0x7C728d5842C22bCDf59a0E32e7C4CE3Fb2bC25C4,"{""usd"":704014.3562720565,""base"":20.97,""quote"":1374.57}",BTC
avalanche,swapsicle,BTC.b,0xf7505d0f042ae55770B3595CA9472D03E558693E,"{""usd"":91896,""base"":2.721,""quote"":3981}",BTC
avalanche,traderjoe,WETH,0xDb636857317c46B453d5AB400b278cF2dadC996E,"{""usd"":1177324,""base"":470.9,""quote"":588662}",ETH
metis,hermesprotocol,m.WBTC,0x609619faFf0cBe184920C3C3C8e9f81C634ea05B,"{""usd"":414083,""base"":12.37,""quote"":12320}",BTC
astar,zenlink,DOT,0x0fE040e338eE4DD3a39ab2493DAAb6A593Ddc754,"{""usd"":137809,""base"":15049,""quote"":1743304}",DOT
bsc,knightswap,BTCB,0xC71201ccE9d64B7C33E40FbeC058fA14597862fE,"{""usd"":219897.240835194,""base"":6.55,""quote"":429.21}",BTC
bsc,0x71539D09D3890195dDa87A6198B98B75211b72F3,BNBx,0xc5c929b9cbda49523634A80c7bFd67c0bce6C3ea,"{""usd"":458831.8345398022,""base"":854.44,""quote"":893.28}",BNB
bsc,0xE52cCf7B6cE4817449F2E6fA7efD7B567803E4b4,BTCB,0x077e69289db783801B5900F680D9796D60053dEb,"{""usd"":99590.95014712894,""base"":2.97,""quote"":66166}",BTC
bsc,0x43eBb0cb9bD53A3Ed928Dd662095aCE1cef92D19,WBNB,0x18B8047DDd8b57F1C5Fd59bC57059E0C38e9fE09,"{""usd"":100130.16501539119,""base"":195.24,""quote"":50065}",BNB
bsc,nomiswap,LINK,0xE7b2D08e7CD3270Df7FF804786F444434ff7E1F6,"{""usd"":61420.38556680414,""base"":5466.17,""quote"":30710}",LINK
bsc,mdex,BTCB,0xda28Eb7ABa389C1Ea226A420bCE04Cb565Aafb85,"{""usd"":2216555.1862662286,""base"":65.86,""quote"":1108278}",BTC
polygon,quickswap,FTM,0xD2B61a42d3790533fEDC2829951a65120624034a,"{""usd"":72469.87383358335,""base"":167976,""quote"":46709}",FTM
polygon,balancer,MANA,0xa2c0539cf5a8a930215d82106d8973a2031f7fb300020000000000000000047a-0xA1c57f48F0Deb89f569dFbE6E2B7f46D33606fD4-0xdF7837DE1F2Fa4631D716CF2502f8b230F1dcc32,"{""usd"":123051,""base"":77494,""quote"":50873173}",MANA
avalanche,0x0c6A0061F9D0afB30152b8761a273786e51bec6d,WAVAX,0xB02972A9Fd0F9d3FddD6e8885fDea380FF304473,"{""usd"":72793,""base"":3154,""quote"":36397}",AVAX
moonbeam,beamswap,BNB,0x34A1F4AB3548A92C6B32cd778Eed310FcD9A340D,"{""usd"":174031,""base"":339.5,""quote"":87015}",BNB
ethereum,uniswap,ENJ,0xe16Be1798F860bC1EB0FEb64cD67Ca00AE9b6E58,"{""usd"":277834,""base"":895376,""quote"":45.04}",ENJ
bsc,apeswap,CELR,0xB7F42e58Cf2364ac994F93f7afF3b158CFA3dC76,"{""usd"":72343.8036380162,""base"":3672642,""quote"":140.35}",CELR
bsc,mdex,DOGE,0xF8E9b725e0De8a9546916861c2904b0Eb8805b96,"{""usd"":55676.916435087114,""base"":392498,""quote"":27838}",DOGE
bsc,biswap,ONE,0xe73fe11863e4C3714EAFDee832a0987b33651f27,"{""usd"":140903.89196281263,""base"":6820211,""quote"":275.39}",ONE
arbitrum,swapr,WETH,0x403b1405d8caFFC1CC5032cC82AA135d2481d0Cf,"{""usd"":115313.244766,""base"":46.15,""quote"":57657}",ETH
avalanche,traderjoe,BUSD,0xf57971383560715CcCF94E0C639125Ae0e955e60,"{""usd"":120379,""base"":59736,""quote"":5180}",BUSD
cronos,candycity,WBTC,0x6C2b0cdB80DB4214E775a89125493c0f232d5891,"{""usd"":61680,""base"":1.83,""quote"":522190}",BTC
sxnetwork,sharkswap,WMATIC,0x9e3a12f8d2ABc3e9c2814B59130bAFCBA876cEc7,"{""usd"":303918,""base"":193212,""quote"":1253933}",MATIC
ethereum,uniswap,ANT,0x9dEF9511fEc79f83AFCBFfe4776B1D817DC775aE,"{""usd"":1521380,""base"":356615,""quote"":609}",ANT
bsc,0x738B815eaDD06E0041b52B0C9d4F0d0D277B24bA,ETC,0x3A53a3B6c43971969336Fd8255c7C27ef1bB23F7,"{""usd"":58901.753810356044,""base"":1621.07,""quote"":29451}",ETC
bsc,0xC7a506ab3ac668EAb6bF9eCf971433D6CFeF05D9,WBNB,0x60D4AC045908485FF3C21527708B34Ba41cfaeC8,"{""usd"":72710.18717622216,""base"":141.75,""quote"":36355}",BNB
bsc,biswap,VET,0x6882A3CDdA124FfE6587328fc0f473A2A7Fd973c,"{""usd"":159964.58027188273,""base"":4970488,""quote"":311.14}",VET
bsc,babyswap,ONT,0x87ef69A111eE9B4EAab2A2fe5B318fC964d45580,"{""usd"":135893.5079559101,""base"":432945,""quote"":67947}",ONT
fantom,spiritswap,CRV,0x374C8ACb146407Ef0AE8F82BaAFcF8f4EC1708CF,"{""usd"":66410.50037529643,""base"":62747,""quote"":153425}",CRV
evmos,diffusion,axlWBTC,0x2141e89dDc482064513Ce3923aca752387a0938f,"{""usd"":62360.71415013488,""base"":1.83,""quote"":82379}",BTC
ethereum,sushiswap,REN,0x611CDe65deA90918c0078ac0400A72B0D25B9bb1,"{""usd"":411058,""base"":3303288,""quote"":164.4}",REN
bsc,jswap,TRX,0x1a0C2875412e88671afA5E6b2De55d66b5F39e57,"{""usd"":66770.89809240516,""base"":659225,""quote"":33385}",TRX
bsc,mdex,BCH,0x6b35eb6CF670452Fa3Be8396b54678b1727aFA6b,"{""usd"":158473.46560386926,""base"":789.58,""quote"":308.9}",BCH
bsc,0xB9fA84912FF2383a617d8b433E926Adf0Dd3FEa1,WBNB,0xB35513a130Ce5BcFf1154D055B21368c8822C00d,"{""usd"":154284.93433843044,""base"":300.82,""quote"":77142}",BNB
polygon,sushiswap,AVAX,0x1274De0DE2e9D9b1d0E06313c0E5EdD01CC335eF,"{""usd"":66274.81239628252,""base"":2867.65,""quote"":26.5}",AVAX
cronos,croswap,WBTC,0xD3619A0DC331B545cAc23FE648c251827054B55e,"{""usd"":65051,""base"":1.933,""quote"":32525}",BTC
milkomedacardano,muesliswap,ETH,0xCb5d209493569545668aEfCd8020a22050800Ab7,"{""usd"":62344,""base"":24.92,""quote"":115280}",ETH
gnosischain,swapr,CRV,0xFeDBA8b0Ccf72Ba983e5b7b5B4EE5Bc525bae339,"{""usd"":146333,""base"":137436,""quote"":851.1}",CRV
ethereum,uniswap,HOT,0xf7849D0852FC588210B9C0d8b26F43C0c9bc1470,"{""usd"":94151,""base"":51557778,""quote"":15.83}",HOT
bsc,0x267c07A9e658cC9c6190D4cbAF26C5c8260e5eE1,ETH,0x332bC1642fA4E7876AfFE940b166469Ee37E86bB,"{""usd"":132301.64105390344,""base"":52.87,""quote"":66151}",ETH
polygon,quickswap,CIOTX,0xCddf91A44C579765227722DA371136A4f12dC81b,"{""usd"":92593.290986,""base"":2124146,""quote"":46297}",IOTX
polygon,balancer,MKR,0xc42c42256b484e574a458d5d8ee4fd7876f6d8d700020000000000000000047e-0x6f7C932e7684666C9fd1d44527765433e01fF61d-0xdF7837DE1F2Fa4631D716CF2502f8b230F1dcc32,"{""usd"":126944,""base"":49,""quote"":52581586}",MKR
arbitrum,camelot,WBTC,0x96059759C6492fb4e8a9777b65f307F2C811a34F,"{""usd"":326531.0816321471,""base"":9.73,""quote"":130.93}",BTC
arbitrum,0xD99c21C96103F36BC1FA26DD6448af4DA030c1EF,WETH,0xb77a493A4950cAd1b049E222d62BCE14fF423c6F,"{""usd"":1150776.580888,""base"":460.79,""quote"":575388}",ETH
avalanchedfk,defikingdoms,AVAX,0xF3EabeD6Bd905e0FcD68FC3dBCd6e3A4aEE55E98,"{""usd"":511591,""base"":21979,""quote"":1344095}",AVAX
fantom,beethovenx,WFTM,0xf3a602d30dcb723a74a0198313a7551feaca7dac00010000000000000000005f-0x04068DA6C83AFCFA0e13ba15A6696662335D5B75-0x21be370D5312f44cB42ce377BC9b8a0cEF1A4C83,"{""usd"":2241041,""base"":5168917,""quote"":1121026}",FTM
godwoken,yokaiswap,BNB|bsc,0x7535C308e4D56B1D471FAF60E852a7eF58408992,"{""usd"":776351,""base"":1525,""quote"":154710511}",BNB
osmosis,osmosis,WBTC,712,"{""usd"":9814284,""base"":293.1,""quote"":6918564}",BTC
arbitrumnova,0xf6239423FcF1c19ED2791D9648A90836074242Fd,WETH,0xdBA61558A49c0A836A4106502cFbe5870DAD1743,"{""usd"":206810,""base"":83.18,""quote"":103405}",ETH
moonriver,solarbeam,xcKSM,0xea3d1E9e69ADDFA1ee5BBb89778Decd862F1F7C5,"{""usd"":1202320,""base"":24732,""quote"":96552}",KSM
arbitrum,kyberswap,wstETH,0x7acbea3b8Ab7CDF4A595C6ED81e7d3E26038d494,"{""usd"":1089423.26569,""base"":358.18,""quote"":544712}",ETH
bsc,pancakeswap,LTC,0x71b01eBdDD797c8E9E0b003ea2f4FD207fBF46cC,"{""usd"":2967014.6074299663,""base"":20298,""quote"":5792.89}",LTC
avalanche,kyberswap,WETH.e,0x1701A7E5034ED1e35C52245ab7C07DbDAf353De7,"{""usd"":352984,""base"":70.88,""quote"":22961}",ETH
iotex,mimo,CIOTX,0xa41412dafD1f1c0aE90F9fe7F137ea10a1bb5DAA,"{""usd"":4002208,""base"":91735685,""quote"":91661170}",IOTX
boba,0x06350499760aa3ea20FEd2837321a84a92417f39,WETH,0x434D9D0a7Ff9F95c733b0F7Fe27205252f9f91d8,"{""usd"":151100,""base"":59.81,""quote"":75133}",ETH
boba,oolongswap,WETH,0x232130D2802c283eb870586cAB8eE49F8Ea0B181,"{""usd"":80018,""base"":31.48,""quote"":40009}",ETH
moonbeam,stellaswap,xcIBTC,0x4C5f99045AF91D2b6d4fa0Ea89FC47cF42711555,"{""usd"":92288,""base"":2.743,""quote"":145305}",BTC
iotex,mimo,ioWBTC,0x2217B9E27a11f20b681b4dD72153F3b37127A2F3,"{""usd"":80844,""base"":2.399,""quote"":1852461}",BTC
ethereum,uniswap,COTI,0x83695f776f5C8dE31690e8A54E242a4567BA7A4b,"{""usd"":57794,""base"":878952,""quote"":8.179}",COTI
ethereum,uniswap,SUSHI,0xCE84867c3c02B05dc570d0135103d3fB9CC19433,"{""usd"":257194,""base"":131575,""quote"":102.9}",SUSHI
bsc,0x738B815eaDD06E0041b52B0C9d4F0d0D277B24bA,ADA,0x0FB3A99fa20B94760ffcD315F18a88E802b21750,"{""usd"":123620.7209477713,""base"":226789,""quote"":61810}",ADA
polygon,balancer,CRV,0xfa73e062497b0cbd5012385a08d9616ca5bd9ee900020000000000000000047b-0x172370d5Cd63279eFa6d502DAB29171933a610AF-0xdF7837DE1F2Fa4631D716CF2502f8b230F1dcc32,"{""usd"":121979,""base"":45653,""quote"":50555615}",CRV
avalanche,swapsicle,LINK.e,0x2C10416Cc050fD446c7Ab595b28DEE8C71F18d2A,"{""usd"":77423,""base"":6950,""quote"":3360}",LINK
moonriver,solarbeam,wstKSM,0x5568872bc43Bae3757F697c0e1b241b62Eddcc17,"{""usd"":4008084,""base"":72130,""quote"":82011}",KSM
ethereum,sushiswap,WBTC,0xCEfF51756c56CeFFCA006cD410B03FFC46dd3a58,"{""usd"":14297314,""base"":426.1,""quote"":5723}",BTC
bsc,apeswap,IOTA,0x0D70924695B6Ae496F0A74A36bf79d47307dD519,"{""usd"":75299.522257653,""base"":211272,""quote"":146.99}",IOTA
bsc,0xE52cCf7B6cE4817449F2E6fA7efD7B567803E4b4,EGLD,0x1AE6417dA93bAbcdfD258E539F129F8a0FDf95E0,"{""usd"":64301.92344872533,""base"":943.11,""quote"":42975}",EGLD
bsc,apeswap,BNBx,0xB88F211EC9ecfc2931Ae1DE53ea28Da76B9Ed37A,"{""usd"":1411639.6724484705,""base"":2625.37,""quote"":2754.79}",BNB
bsc,bakeryswap,ETH,0xa50b9c5DB61C855D5939aa1a66B26Df77745809b,"{""usd"":156239.11627347802,""base"":62.62,""quote"":304.77}",ETH
bsc,pancakeswap,DOT,0xbCD62661A6b1DEd703585d3aF7d7649Ef4dcDB5c,"{""usd"":82629.89416885667,""base"":9042.29,""quote"":161.29}",DOT
polygon,balancer,SAND,0x6ff633d7eaafe1f6e4c6f0280317b93125aaa7eb00020000000000000000065a-0xBbba073C31bF03b8ACf7c28EF0738DeCF3695683-0xdF7837DE1F2Fa4631D716CF2502f8b230F1dcc32,"{""usd"":60582,""base"":29235,""quote"":25092803}",SAND
arbitrum,camelot,wstETH,0x5201f6482EEA49c90FE609eD9d8F69328bAc8ddA,"{""usd"":2483150.5937137604,""base"":478.69,""quote"":991.61}",ETH
avalanche,pangolin,BUSD,0x4Dd92aA3e4eEA528d32371e7f9D78cA4a16f0Ad9,"{""usd"":139335,""base"":69672,""quote"":6027}",BUSD
ethereum,balancer,WETH,0x96646936b91d6b9d7d0c47c496afbf3d6ec7b6f8000200000000000000000019-0xA0b86991c6218b36c1d19D4a2e9Eb0cE3606eB48-0xC02aaA39b223FE8D0A0e5C4F27eAD9083C756Cc2,"{""usd"":2097087,""base"":837.7,""quote"":1048543}",ETH
ethereum,pancakeswap,WBTC,0x4AB6702B3Ed3877e9b1f203f90cbEF13d663B0e8,"{""usd"":3954809,""base"":117.6,""quote"":1583}",BTC
ethereum,verse,WETH,0x6E1fbeeABA87BAe1100d95f8340dc27aD7C8427b,"{""usd"":249172,""base"":99.58,""quote"":124586}",ETH
ethereum,sushiswap,RLC,0x75382c52b6F90B3f8014BfcadAC2386513F1e3bC,"{""usd"":84349,""base"":36667,""quote"":33.76}",RLC
bsc,apeswap,ZEC,0x2B2C771e44aF4C6f858598308e05FB89b23f11cE,"{""usd"":76598.85621394664,""base"":963.41,""quote"":148.62}",ZEC
bsc,0x79C342FddBBF376cA6B4EFAc7aaA457D6063F8Cb,WBNB,0xc0256bD8155A53e832fe79459327aE114Edd8Fc9,"{""usd"":120933.11659530722,""base"":235.84,""quote"":60467}",BNB
bsc,biswap,XLM,0xf7Aa265D01b58b66BDCd1b534Fc24fe4867ad39e,"{""usd"":89650.1538083202,""base"":622726,""quote"":175.21}",XLM
arbitrum,balancer,WBTC,0x64541216bafffeec8ea535bb71fbc927831d0595000100000000000000000002-0x2f2a2543B76A4166549F7aaB2e75Bef0aefC5B0f-0x82aF49447D8a07e3bd95BD0d56f35241523fBab1,"{""usd"":1816121,""base"":54.09,""quote"":728.1}",BTC
avalanche,pangolin,WBTC.e,0x5764b8D8039C6E32f1e5d8DE8Da05DdF974EF5D3,"{""usd"":84316,""base"":2.518,""quote"":3653}",BTC
celo,ubeswap,WBTC,0x0448E99ab5f8230713a9f5D7E64eC2aB6e5952a3,"{""usd"":85786.95426266249,""base"":2.57,""quote"":42893}",BTC
ethereum,uniswap,EUROC,0x95DBB3C7546F22BCE375900AbFdd64a4E5bD73d6,"{""usd"":1892051,""base"":650498,""quote"":1206175}",EUR
ethereum,sushiswap,MKR,0xBa13afEcda9beB75De5c56BbAF696b880a5A50dD,"{""usd"":269388,""base"":257.9,""quote"":107.8}",MKR
bsc,knightswap,ETH,0x0ddF35e107b6014B5577e87e3BBCECa74df3e09A,"{""usd"":169442.10207531258,""base"":70.04,""quote"":340.69}",ETH
bsc,biswap,EOS,0x7683f8349376F297138D3082e236F0E34aF1D1c3,"{""usd"":174069.80318928495,""base"":98137,""quote"":339.95}",EOS
bsc,0x1c3E50DBBCd05831c3A695d45D2b5bCD691AD8D8,WBNB,0x84Fe65e20c1Bb96F7c6f317c09de85Ba99114B73,"{""usd"":161940.6106252881,""base"":316.25,""quote"":80970}",BNB
polygon,quickswap,agEUR,0x63AEfd3aEfeeDCe0860A5Ef21c1Af548641620dd,"{""usd"":155528.49512191385,""base"":17239,""quote"":77764}",EUR
optimism,velodrome,alETH,0x6fD5BEe1Ddb4dbBB0b7368B080Ab99b8BA765902,"{""usd"":948581.0298257554,""base"":622.27,""quote"":378.95}",ETH
fantom,sushiswap,BTC,0x33e29a9eBdD370a8D50656e822aBFD3A910dA1b6,"{""usd"":160156.0696078225,""base"":4.76,""quote"":63.95}",BTC
fantom,sushiswap,WFTM,0xA48869049e36f8Bfe0Cc5cf655632626988c0140,"{""usd"":243060.51233,""base"":561117,""quote"":121530}",FTM
moonbeam,stellaswap,WETH,0x8577273FB3B72306F3A59E26ab77116f5D428DAa,"{""usd"":3351211,""base"":1340,""quote"":5276379}",ETH
fantom,spookyswap,LINK,0x89d9bC2F2d091CfBFc31e333D6Dc555dDBc2fd29,"{""usd"":1366549.9626162543,""base"":121127,""quote"":3147333}",LINK
bsc,biswap,SOL,0x3530F7d8D55c93D778e17cbd30bf9eB07b884f35,"{""usd"":430397.0241132657,""base"":16433,""quote"":840.48}",SOL
velas,astroswap,ADA,0xc12e7E665B7d6537f87635655E70F7387Da12D90,"{""usd"":463478,""base"":855037,""quote"":231739}",ADA
dogechain,yodeswap,BUSD,0xe180b62C4CF96112e7999200EF9275F83F7E3088,"{""usd"":141853,""base"":70469,""quote"":70927}",BUSD
celo,uniswap,WETH,0xd88D5F9E6c10E6FebC9296A454f6C2589b1E8fAE,"{""usd"":52605.14752527747,""base"":10.5,""quote"":53987}",ETH
ethereum,sushiswap,MANA,0x1bEC4db6c3Bc499F3DbF289F5499C30d541FEc97,"{""usd"":146361,""base"":231978,""quote"":58.59}",MANA
ethereum,uniswap,BAL,0xDC2c21F1B54dDaF39e944689a8f90cb844135cc9,"{""usd"":67213,""base"":7219,""quote"":22.73}",BAL
bsc,0x738B815eaDD06E0041b52B0C9d4F0d0D277B24bA,UNI,0x3BDC723F97CA80262c0D3620076b0E9d0Ef2B6dA,"{""usd"":169125.9651082683,""base"":15875,""quote"":84563}",UNI
optimism,uniswap,LINK,0x19EA026886cbB7A900EcB2458636d72b5CaE223B,"{""usd"":164405,""base"":24448,""quote"":21.1}",LINK
avalanche,traderjoe,CRV,0x78dA10824F4029Adfb79669c4bd4F1962d08a0Bb,"{""usd"":148585,""base"":137746,""quote"":6337}",CRV
ethereum,uniswap,cvxCRV,0x620Cd19eAe24fB8a02DF908Bb71B81B6e3Aa1CCc,"{""usd"":63607,""base"":101413,""quote"":25856}",CRV
ethereum,uniswap,REN,0x8Bd1661Da98EBDd3BD080F0bE4e6d9bE8cE9858c,"{""usd"":246247,""base"":1986621,""quote"":98.58}",REN
bsc,planetfinance,BTCB,0x4c4f18da91063F1c34a9396B2d97e95b163F2b0c,"{""usd"":255650.7129234156,""base"":7.6,""quote"":498.99}",BTC
polygon,balancer,AVAX,0x7c9cf12d783821d5c63d8e9427af5c44bad92445000100000000000000000051-0x2C89bbc92BD86F8075d1DEcc58C7F4E0107f286b-0x7ceB23fD6bC0adD59E62ac25578270cFf1b9f619,"{""usd"":64968,""base"":2797,""quote"":25.89}",AVAX
aurora,polaris,WETH,0x9cd44e44e8a61bc7dc34b04c762a3c0137a3707c000200000000000000000002-0xB12BFcA5A55806AaF64E99521918A4bf0fC40802-0xC9BdeEd33CD01541e1eeD10f90519d2C06Fe3feB,"{""usd"":137911,""base"":55.32,""quote"":68955}",ETH
telos,0x411172Dfcd5f68307656A1ff35520841C2F7fAec,ETH,0xCfd8505E3c79D777AF2CA3B5507B64480645f516,"{""usd"":361836,""base"":146.7,""quote"":1552694}",ETH
conflux,swappi,BNB,0x8A61e6cd8eEb564FF66459a2614cE98177F48Ca9,"{""usd"":128652,""base"":250.8,""quote"":2851597}",BNB
bsc,pandora,WBNB,0xac84ff369F5615bd70152b2B286e2B4591E889E9,"{""usd"":210878.73615473162,""base"":411.68,""quote"":105439}",BNB
polygon,balancer,UNI,0x77215a7e8a8d427d25660414788d2c58dd56898900020000000000000000047c-0xb33EaAd8d922B1083446DC23f610c2567fB5180f-0xdF7837DE1F2Fa4631D716CF2502f8b230F1dcc32,"{""usd"":155580,""base"":5833,""quote"":64440515}",UNI
polygon,uniswap,CRV,0x4D05f2A005e6F36633778416764E82d1D12E7fbb,"{""usd"":196256,""base"":251669,""quote"":80547}",CRV
arbitrum,traderjoe,WETH,0x7eC3717f70894F6d9BA0be00774610394Ce006eE,"{""usd"":404157,""base"":110.4,""quote"":266287}",ETH
optimism,uniswap,SNX,0x0392b358CE4547601BEFa962680BedE836606ae2,"{""usd"":513232,""base"":255541,""quote"":95.58}",SNX
heco,mdex,BNB,0x76BD054865C8B43d3433B51B29C7fC87F88BB1d2,"{""usd"":103436.86342858117,""base"":200.36,""quote"":11397}",BNB
osmosis,osmosis,FET,681,"{""usd"":94014,""base"":415851,""quote"":66245}",FET
heco,mdex,HLTC,0x060B4bfcE16D15A943ec83C56C87940613e162eB,"{""usd"":1110852.4320205443,""base"":7595.51,""quote"":555426}",LTC
heco,mdex,HDOT,0x5484ab0DF3E51187f83F7f6b1a13f7a7Ee98C368,"{""usd"":86240.25233258918,""base"":9398.64,""quote"":43120}",DOT
arbitrum,uniswap,LINK,0x468b88941e7Cc0B88c1869d68ab6b570bCEF62Ff,"{""usd"":915180,""base"":134841,""quote"":126.44}",LINK
energi,energiswap,ETH,0xb8477E82CbFB664B465979A7819b7F640880277c,"{""usd"":53274,""base"":23.58,""quote"":142362}",ETH
bsc,0x738B815eaDD06E0041b52B0C9d4F0d0D277B24bA,XRP,0x1b52251982AD8F27583E0Eddc379ad60dFEc2844,"{""usd"":64408.45505035022,""base"":96405,""quote"":32204}",XRP
bsc,nomiswap,DOT,0xE1634A309516a4f4Ad33Bdc321Dc0a5C9fF5E325,"{""usd"":75860.68991943938,""base"":8271.95,""quote"":37930}",DOT
arbitrum,kyberswap,KNC,0x369F3F702D449F1E5E741643B1B90a8Bf175F839,"{""usd"":51030.66991209546,""base"":55328,""quote"":4499.14}",KNC
arbitrum,swapfish,wstETH,0xe263353986a4638144c41E44cEBAc9d0A76ECab3,"{""usd"":1441351.753133576,""base"":531.36,""quote"":577.65}",ETH
cronos,croswap,WETH,0x41D9171Ca989C16dB8243D340c0A486408Ab28B1,"{""usd"":52167,""base"":20.81,""quote"":26084}",ETH
cronos,cronaswap,WBTC,0x285a569EDD6210a0410883d2E29471A6B0c7790d,"{""usd"":171974,""base"":5.185,""quote"":69.44}",BTC
gnosischain,swapr,WBTC,0xf6Be7AD58F4BAA454666b0027839a01BcD721Ac3,"{""usd"":189442,""base"":5.642,""quote"":75.87}",BTC
ethereum,sushiswap,UNI,0xDafd66636E2561b0284EDdE37e42d192F2844D40,"{""usd"":204554,""base"":19204,""quote"":81.87}",UNI
bsc,pancakeswap,DUSK,0x678EDb8B268e73dB57b7694c163e1dc296b6e219,"{""usd"":241127.9670429081,""base"":1427309,""quote"":471}",DUSK
oec,jswap,WING,0x70E98fcBD9c439e50F6b225F70AAc0b5822A1bc9,"{""usd"":114578.99950761707,""base"":11151,""quote"":57289}",WING
bsc,mdex,DOT,0xFf44e10662E1CD4f7AfE399144636c74B0D05D80,"{""usd"":68267.31798930537,""base"":7440.61,""quote"":34134}",DOT
bsc,apeswap,COMP,0xb4c0c621B2eDfE6C22585ebAC56b0e634907B8A7,"{""usd"":69945.21822898179,""base"":1059.81,""quote"":135.72}",COMP
telos,zappy,MATIC,0x06754b2a38782AA5c9B071Dc70A5C49457C7eBD1,"{""usd"":63134,""base"":40662,""quote"":270918}",MATIC
dogechain,kibbleswap,WWDOGE,0x0b81c7AcFCa44fC4AdE2DA70246d71a650652c6B,"{""usd"":334888,""base"":2342624,""quote"":167444}",DOGE
kcc,mojitoswap,MANA,0xbF5007e065fC3FEA97af1958F88bb3c291382400,"{""usd"":134392,""base"":212980,""quote"":10133}",MANA
bsc,biswap,LTC,0x412b607f4cBE9CaE77C6F720A701CD60fa0EBD3f,"{""usd"":1193577.282865122,""base"":8151.71,""quote"":596789}",LTC
arbitrum,camelot,WETH,0x84652bb2539513BAf36e225c930Fdd8eaa63CE27,"{""usd"":2820659.368292,""base"":1129.26,""quote"":1410330}",ETH
avalanche,kyberswap,WBTC.e,0x93E8b3e3d177A99741432A835125797eB54561EE,"{""usd"":340749,""base"":5.576,""quote"":21444}",BTC
ethereum,uniswap,YFI,0x2fDbAdf3C4D5A8666Bc06645B8358ab803996E28,"{""usd"":274354,""base"":25.71,""quote"":109.8}",YFI
ethereum,uniswap,KEYS,0x5BaCB4114Ad2D448E79aDdef121714b74D67faeC,"{""usd"":539843,""base"":64372903,""quote"":215.5}",KEY
ethereum,shibaswap,WBTC,0x86cccdA3799A43fBCeB4cEc6Ad8b028f5bF8B3dD,"{""usd"":255593,""base"":7.598,""quote"":102}",BTC
ethereum,uniswap,STORJ,0xAEF16913b6C50EBCf627a394921F306985FC8604,"{""usd"":123363,""base"":244951,""quote"":49.37}",STORJ
ethereum,0x5F1dddbf348aC2fbe22a163e30F99F9ECE3DD50a,KNC,0xa38a0165e82B7a5E8650109E9e54087a34C93020,"{""usd"":986136,""base"":1749170,""quote"":118}",KNC
bsc,babyswap,WING,0x2Ec7F242100aD01E52d31a097Be3b1b6CE648829,"{""usd"":279133.1663159938,""base"":27062,""quote"":139567}",WING
bsc,0x71539D09D3890195dDa87A6198B98B75211b72F3,ETH,0x5724868E5438A2C96C9B7E5b61e767750B3E7507,"{""usd"":724971.1143526238,""base"":290.22,""quote"":1415.73}",ETH
bsc,babydogeswap,BTCB,0x75762a2122E368218Fc35b1E4cB83961C33461C8,"{""usd"":1538045.8000417382,""base"":45.83,""quote"":2999.45}",BTC
syscoin,pegasys,ETH,0x1cF22F868D15d4Eed8EddFA8c9C0b88C24B3e0b0,"{""usd"":94171,""base"":37.83,""quote"":463787}",ETH
ethereum,fraxswap,IQ,0x07AF6BB51d6Ad0Cf126E3eD2DeE6EaC34BF094F8,"{""usd"":2183243,""base"":249136645,""quote"":1092186}",IQ
bsc,babydogeswap,ETH,0xdB81B16D052c4553bEa9d7F25691E42990B021DB,"{""usd"":1634221.1612536358,""base"":652.02,""quote"":3170.6}",ETH
polygon,balancer,miMATIC,0x06df3b2bbb68adc8b0e302443692037ed9f91b42000000000000000000000012-0xa3Fa99A148fA48D14Ed51d610c367C61876997F1-0xc2132D05D31c914a87C6611C10748AEb04B58e8F,"{""usd"":1071785,""base"":662263,""quote"":414826}",MATIC
avalanche,pangolin,sAVAX,0x4E9A38F05c38106C1cf5c145Df24959ec50ff70D,"{""usd"":241007,""base"":9847,""quote"":10426}",AVAX
dogechain,yodeswap,BNB,0xF4887cEf251E6BAfed9478f115B92aebA81d88F7,"{""usd"":50999,""base"":98.82,""quote"":25500}",BNB
polygon,sushiswap,CRV,0x396E655C309676cAF0acf4607a868e0CDed876dB,"{""usd"":224107.41579870525,""base"":210160,""quote"":89.63}",CRV
optimism,uniswap,vBNB,0xf4d40ebCBf7063D4ff56C6Df0179a86287C648dE,"{""usd"":998001,""base"":2193.31,""quote"":435210}",BNB
energi,energiswap,BTC,0x7B957726c894A61FfbCc907DAAEB1a908B032863,"{""usd"":54309,""base"":1.786,""quote"":145128}",BTC
syscoin,pegasys,WBTC,0xB881304fCd792062732Da050828f74D285BbF078,"{""usd"":73215,""base"":2.229,""quote"":360584}",BTC
ethereum,balancer,UNI,0x6df50e37a6aefb9024a7284ef1c9e1e8e7c4f7b80001000000000000000002e7-0x1f9840a85d5aF5bf1D1762F925BDADdC4201F984-0xC02aaA39b223FE8D0A0e5C4F27eAD9083C756Cc2,"{""usd"":284802,""base"":26697,""quote"":114}",UNI
ethereum,uniswap,CTSI,0x01949723055A451229c7bA3a817937C966748F76,"{""usd"":291382,""base"":2392957,""quote"":32.46}",CTSI
ethereum,sushiswap,CREAM,0xf169CeA51EB51774cF107c88309717ddA20be167,"{""usd"":140115,""base"":6571,""quote"":55.36}",CREAM
bsc,0x1c3E50DBBCd05831c3A695d45D2b5bCD691AD8D8,ETH,0x47d941611Ac667CB7eaC2a2e1fd5848C8C15Bfd8,"{""usd"":94778.8890173502,""base"":37.87,""quote"":47389}",ETH
arbitrum,oreoswap,WBTC,0x4eB977551E6F8A3A585c130F6E2A15e4080d7456,"{""usd"":130874.05774593912,""base"":3.9,""quote"":52.46}",BTC
optimism,uniswap,vATOM,0xb98e6912aE77c643957eD51dCF755895eC4BC6b4,"{""usd"":592451,""base"":31233,""quote"":281417}",ATOM
cronos,vvsfinance,ATOM,0x9e5bd780dff875Dd85848a65549791445AE25De0,"{""usd"":1425442,""base"":71242,""quote"":12117500}",ATOM
moonbeam,stellaswap,WBTC,0xf8f5E8B9Ee84664695B14862212D8092E16331F6,"{""usd"":3518759,""base"":104.6,""quote"":5540178}",BTC
fantom,beethovenx,BNB,0x0e41768de15cccc1715fe8aefb6f948349427c140001000000000000000005b9-0x21be370D5312f44cB42ce377BC9b8a0cEF1A4C83-0xD67de0e0a0Fd7b15dC8348Bb9BE742F3c5850454,"{""usd"":98241,""base"":230.5,""quote"":181612}",BNB
bsc,apeswap,ONT,0x924D3f2F94618e8Ee837d4C2b8d703F0de12a57e,"{""usd"":55714.57560452905,""base"":177583,""quote"":108.47}",ONT
oec,okcswap,BTCK,0x025d94d3e69951931b716219ddE93Bd7f35503fa,"{""usd"":2963049.972792401,""base"":88.01,""quote"":1481525}",BTC
telos,sushiswap,BNB,0xC0142B087903cC70f486544d1A416182A24B49b5,"{""usd"":53205,""base"":105.5,""quote"":227889}",BNB
ethereum,sushiswap,UMA,0x001b6450083E531A5a7Bf310BD2c1Af4247E23D4,"{""usd"":223943,""base"":72251,""quote"":89.47}",UMA
ethereum,uniswap,DATA,0x7C3B1297Ac649B36547B913de50919AcB45A250C,"{""usd"":122212,""base"":4096148,""quote"":21.67}",DATA
ethereum,defiswap,LINK,0x8B59bE2fC6Fccc2256Cc4841843A13ce29DA16bd,"{""usd"":76310,""base"":6753,""quote"":30.47}",LINK
ethereum,sushiswap,pWING,0xBE1E98685fB293144325440C16f69954Ffcb790C,"{""usd"":215702,""base"":20733,""quote"":85.92}",WING
ethereum,uniswap,DUSK,0xFf29D3E552155180809ea3A877408A4620058086,"{""usd"":152320,""base"":1614048,""quote"":16058}",DUSK
ethereum,uniswap,icETH,0xe5d028350093a743A9769e6FD7F5546eEdDAA320,"{""usd"":508974,""base"":267.8,""quote"":137.7}",ETH
bsc,0x3657952d7bA5A0A4799809b5B6fdfF9ec5B46293,BTCB,0x1b1675A97b2f62B568569ebD349E88A04DdE8586,"{""usd"":54719.99366387099,""base"":1.63,""quote"":106.86}",BTC
bsc,0x738B815eaDD06E0041b52B0C9d4F0d0D277B24bA,ETH,0x407fb6B2Ac60E5882Ede4Aa7CC0c5f848eB0bdB1,"{""usd"":1021569.5972480398,""base"":409.28,""quote"":30.45}",ETH
bsc,safemoonswap,ADA,0x5df474ce39fb162e2d06FEe277EFEC01DdC16EfC,"{""usd"":88886.71870863266,""base"":163348,""quote"":172.74}",ADA
osmosis,osmosis,WMATIC,789,"{""usd"":318613,""base"":205932,""quote"":224345}",MATIC
polygon,kyberswap,WBTC,0xea698cfB2e18415C1e7a7B4642d30b88105b115a,"{""usd"":693898.8875285179,""base"":28.74,""quote"":278.33}",BTC
sxnetwork,sharkswap,WETH,0xeFdfed099D11B62A83e0015d766DC4e31bAEA06f,"{""usd"":433873,""base"":174.4,""quote"":216937}",ETH
bsc,biswap,XRP,0x5dc30Bb8D7F02eFEf28f7E637D17Aea13Fa96906,"{""usd"":1370789.1573089801,""base"":2051969,""quote"":2679.65}",XRP
optimism,uniswap,vSAND,0xE4A1645dde99c20D126c24B8DD1d1a4Bc4a88e4C,"{""usd"":342318,""base"":538238,""quote"":119577}",SAND
celo,uniswap,cEUR,0x1f18CD7D1c7Ba0DbE3D9AbE0D3eC84Ce1ad10066,"{""usd"":464481.1452188062,""base"":158054,""quote"":232241}",EUR
polygon,polycat,WBTC,0xbbBd54c1CD649288d2e584917778eEccD8D8254d,"{""usd"":61191.54516623691,""base"":1.82,""quote"":24.48}",BTC
arbitrum,sushiswap,jETH,0xDF1A6Dd4E5b77d7F2143eD73074bE26c806754c5,"{""usd"":1152842.2856054062,""base"":441.24,""quote"":460.46}",ETH
optimism,velodrome,jEUR,0x050D6Dbc73F6993A29e1327846117C4F5Fc7D68E,"{""usd"":142499.8610275891,""base"":65076,""quote"":67750}",EUR
klaytn,defikingdoms,AVAX,0x6CE5bb25A4E7aBF7214309F7b8D7cceCEF60867E,"{""usd"":675088,""base"":29100,""quote"":1729591}",AVAX
optimism,uniswap,vAVAX,0x14Bc698Fdc368f2487d3eaD12DFF458E7c272047,"{""usd"":679912,""base"":38718,""quote"":232795}",AVAX
ethereum,stepn,WETH,0x9c2DC3D5ffcEcF61312C5F4C00660695B32fB3D1,"{""usd"":1056261,""base"":420.5,""quote"":528131}",ETH
bsc,pancakeswap,IOTX,0xc13aA76AAc067c86aE38028019F414D731b3D86A,"{""usd"":1745956.8380346328,""base"":40196114,""quote"":872978}",IOTX
oasisemerald,yuzuswap,WBTC,0x0487F746B01A663108E7c4E5739F282491a45799,"{""usd"":96697,""base"":2.882,""quote"":1333833}",BTC
gnosischain,sushiswap,WBTC,0xe21F631f47bFB2bC53ED134E83B8cff00e0EC054,"{""usd"":220830,""base"":6.566,""quote"":88.29}",BTC
smartbch,mistswap,bcBCH,0xde5D57B31cB67d5Aed93c26940394796953961cb,"{""usd"":203761.74695027928,""base"":1011.87,""quote"":1015.76}",BCH
fuse,voltagefinance,WBTC,0x97F4F45F0172F2E20Ab284A61C8adcf5E4d04228,"{""usd"":254173.70187662414,""base"":7.57,""quote"":102.34}",BTC
ethereum,sushiswap,stkATOM,0x195b2Ed7DfB2Bb19c63B8B06677D46934C0c4EeA,"{""usd"":83783,""base"":4438,""quote"":33.54}",ATOM
ethereum,uniswap,WDOGE,0xc3d7aA944105d3FaFE07fc1822102449C916a8d0,"{""usd"":1694839,""base"":11647813,""quote"":676.8}",DOGE
oec,cherryswap,BUSD,0x67faa182851635E417218f5ce2B70e01a4c77E51,"{""usd"":2131102.767507127,""base"":1063082,""quote"":1065551}",BUSD
ethereum,sushiswap,FTM,0x0E26A21013f2F8C0362cFae608b4e69a249D5EFc,"{""usd"":194428,""base"":447895,""quote"":77.83}",FTM
bsc,biswap,ADA,0x8860922Eb2795aB0D57363653Dd7EBf18D7c0A42,"{""usd"":1317427.69502124,""base"":2430314,""quote"":2572.42}",ADA
fantom,spookyswap,AVAX,0x5DF809e410d9CC577f0d01b4E623C567C7aD56c1,"{""usd"":415750.4136634013,""base"":18062,""quote"":961427}",AVAX
bsc,knightswap,WBNB,0x28f8ED3Bb8795b11e9be8A6015aDd73ef7Cd3a14,"{""usd"":1330786.9800631048,""base"":2599.33,""quote"":665393}",BNB
kcc,mojitoswap,SAND,0x5A32b4dffA00e3cee3Fa77Ef467F35B4653ae615,"{""usd"":127862,""base"":154475,""quote"":9641}",SAND
